State,Station Name (LEA),NSN,Item Name,Quantity,UI,Acquisition Value,DEMIL Code,DEMIL IC,Ship Date,Station Type,federal_supply_class,year
AL,ABBEVILLE POLICE DEPT,2355-01-553-4634,MINE RESISTANT VEHICLE,1,Each,658000.0,C,1.0,2016-11-09 00:00:00.000,State,2355,2016
AL,ALEXANDER CITY POLICE DEPT,2355-01-562-6146,MINE RESISTANT VEHICLE,1,Each,689000.0,C,1.0,2017-07-27 00:00:00.000,State,2355,2017
AL,AUBURN POLICE DEPT,2355-01-602-3357,MINE RESISTANT VEHICLE,1,Each,865000.0,C,1.0,2016-12-07 00:00:00.000,State,2355,2016
AL,BLOUNT COUNTY SHERIFF OFFICE,2355-01-553-4634,MINE RESISTANT VEHICLE,1,Each,658000.0,C,1.0,2017-04-04 00:00:00.000,State,2355,2017
AL,CALERA POLICE DEPT,2355-01-553-4634,MINE RESISTANT VEHICLE,1,Each,658000.0,C,1.0,2016-11-09 00:00:00.000,State,2355,2016
AL,CHAMBERS COUNTY SHERIFF'S OFFICE,2355-01-582-6466,MINE RESISTANT VEHICLE,1,Each,689000.0,C,1.0,2020-02-06 00:00:00.000,State,2355,2020
AL,CHEROKEE COUNTY SHERIFF DEPT,2355-01-623-0967,MINE RESISTANT VEHICLE,1,Each,767360.0,C,1.0,2019-07-02 00:00:00.000,State,2355,2019
AL,ETOWAH COUNTY SHERIFF'S OFFICE,2355-01-602-3357,MINE RESISTANT VEHICLE,1,Each,865000.0,C,1.0,2016-06-14 00:00:00.000,State,2355,2016
AL,FULTONDALE POLICE DEPT,2355-01-590-1660,MINE RESISTANT VEHICLE,1,Each,733000.0,C,1.0,2016-01-14 00:00:00.000,State,2355,2016
AL,GREENVILLE POLICE DEPT,2355-01-602-3357,MINE RESISTANT VEHICLE,1,Each,865000.0,C,1.0,2016-07-12 00:00:00.000,State,2355,2016
AL,HANCEVILLE POLICE DEPARTMENT,2355-01-602-3357,MINE RESISTANT VEHICLE,1,Each,865000.0,C,1.0,2016-02-11 00:00:00.000,State,2355,2016
AL,HOUSTON COUNTY SHERIFF DEPT,2355-01-553-4634,MINE RESISTANT VEHICLE,1,Each,658000.0,C,1.0,2016-11-09 00:00:00.000,State,2355,2016
AL,JASPER POLICE DEPT,2355-01-553-4634,MINE RESISTANT VEHICLE,1,Each,658000.0,C,1.0,2017-04-18 00:00:00.000,State,2355,2017
AL,JEFFERSON COUNTY SHERIFF'S OFFICE,2355-01-582-6466,MINE RESISTANT VEHICLE,1,Each,689000.0,C,1.0,2020-02-12 00:00:00.000,State,2355,2020
AL,LEE CSO,2355-01-602-3357,MINE RESISTANT VEHICLE,1,Each,865000.0,C,1.0,2016-12-05 00:00:00.000,State,2355,2016
AL,LIMESTONE COUNTY SHERIFF DEPT,2355-01-602-3357,MINE RESISTANT VEHICLE,1,Each,865000.0,C,1.0,2016-10-18 00:00:00.000,State,2355,2016
AL,MARSHALL COUNTY SHERIFF DEPT,2355-01-562-6146,MINE RESISTANT VEHICLE,1,Each,689000.0,C,1.0,2017-07-20 00:00:00.000,State,2355,2017
AL,MONTGOMERY POLICE DEPT,2355-01-562-6152,MINE RESISTANT VEHICLE,1,Each,689000.0,C,1.0,2019-05-15 00:00:00.000,State,2355,2019
AL,NORTHPORT POLICE DEPT,2355-01-553-4634,MINE RESISTANT VEHICLE,1,Each,658000.0,C,1.0,2017-11-15 00:00:00.000,State,2355,2017
AL,ORANGE BEACH POLICE DEPT,2355-01-555-0908,MINE RESISTANT VEHICLE,1,Each,412000.0,C,1.0,2019-06-17 00:00:00.000,State,2355,2019
AL,PICKENS COUNTY SHERIFF'S OFFICE,2355-01-553-4634,MINE RESISTANT VEHICLE,1,Each,658000.0,C,1.0,2016-11-09 00:00:00.000,State,2355,2016
AL,RUSSELL COUNTY SHERIFF OFFICE,2355-01-553-4634,MINE RESISTANT VEHICLE,1,Each,658000.0,C,1.0,2017-05-16 00:00:00.000,State,2355,2017
AL,TROY POLICE DEPT,2355-01-590-1660,MINE RESISTANT VEHICLE,1,Each,733000.0,C,1.0,2016-01-14 00:00:00.000,State,2355,2016
AL,TUSCALOOSA COUNTY SHERIFF OFFICE,2355-01-582-6466,MINE RESISTANT VEHICLE,1,Each,689000.0,C,1.0,2020-02-07 00:00:00.000,State,2355,2020
AL,TUSCALOOSA POLICE DEPT,2355-01-602-3357,MINE RESISTANT VEHICLE,1,Each,865000.0,C,1.0,2016-07-07 00:00:00.000,State,2355,2016
AL,WALKER COUNTY SHERIFF DEPT,2355-01-553-4634,MINE RESISTANT VEHICLE,1,Each,658000.0,C,1.0,2016-11-08 00:00:00.000,State,2355,2016
AK,FAIRBANKS POLICE DEPT,2355-01-554-8556,MINE RESISTANT VEHICLE,1,Each,689000.0,C,1.0,2017-09-21 00:00:00.000,State,2355,2017
AR,BELLA VISTA POLICE DEPT,2355-01-623-0967,MINE RESISTANT VEHICLE,1,Each,767360.0,C,1.0,2019-07-17 00:00:00.000,State,2355,2019
AR,BENTON COUNTY SHERIFF'S OFFICE,2355-01-596-1330,MINE RESISTANT VEHICLE,1,Each,575000.0,C,1.0,2019-08-05 00:00:00.000,State,2355,2019
AR,CRAWFORD COUNTY SHERIFF DEPT,2355-01-602-3357,MINE RESISTANT VEHICLE,1,Each,865000.0,C,1.0,2016-11-28 00:00:00.000,State,2355,2016
AR,CRITTENDEN COUNTY SHERIFF DEPT,2355-01-562-6152,MINE RESISTANT VEHICLE,1,Each,689000.0,C,1.0,2019-03-11 00:00:00.000,State,2355,2019
AR,FAULKNER COUNTY SHERIFFS OFFICE,2355-01-553-4634,MINE RESISTANT VEHICLE,1,Each,658000.0,C,1.0,2017-05-18 00:00:00.000,State,2355,2017
AR,HOPE POLICE DEPT,2355-01-553-4634,MINE RESISTANT VEHICLE,1,Each,658000.0,C,1.0,2016-11-09 00:00:00.000,State,2355,2016
AR,NORTH LITTLE ROCK POLICE DEPT,2355-01-623-0967,MINE RESISTANT VEHICLE,1,Each,767360.0,C,1.0,2019-08-28 00:00:00.000,State,2355,2019
AR,PRAIRIE GROVE POLICE DEPT,2355-01-596-1330,MINE RESISTANT VEHICLE,1,Each,575000.0,C,1.0,2019-08-14 00:00:00.000,State,2355,2019
AR,SALINE COUNTY SHERIFF OFFICE,2355-01-553-4634,MINE RESISTANT VEHICLE,1,Each,658000.0,C,1.0,2016-11-08 00:00:00.000,State,2355,2016
AR,SALINE COUNTY SHERIFF OFFICE,2355-01-623-0967,MINE RESISTANT VEHICLE,1,Each,767360.0,C,1.0,2019-07-22 00:00:00.000,State,2355,2019
AR,SPRINGDALE POLICE DEPARTMENT,2355-01-623-0967,MINE RESISTANT VEHICLE,1,Each,767360.0,C,1.0,2019-08-23 00:00:00.000,State,2355,2019
AZ,AVONDALE POLICE DEPT,2355-01-596-1330,MINE RESISTANT VEHICLE,1,Each,575000.0,C,1.0,2019-08-20 00:00:00.000,State,2355,2019
AZ,BUCKEYE POLICE DEPT,2355-01-581-2392,MINE RESISTANT VEHICLE,1,Each,705421.0,D,1.0,2020-03-23 00:00:00.000,State,2355,2020
AZ,KINGMAN POLICE DEPT,2355-01-553-4634,MINE RESISTANT VEHICLE,1,Each,658000.0,C,1.0,2018-03-20 00:00:00.000,State,2355,2018
AZ,PINAL COUNTY SHERIFF OFFICE,2355-01-623-0967,MINE RESISTANT VEHICLE,1,Each,767360.0,C,1.0,2019-08-28 00:00:00.000,State,2355,2019
AZ,PRESCOTT POLICE DEPT,2355-01-581-2392,MINE RESISTANT VEHICLE,1,Each,705421.0,D,1.0,2020-04-10 00:00:00.000,State,2355,2020
AZ,PRESCOTT VALLEY POLICE DEPT,2355-01-570-7996,MINE RESISTANT VEHICLE,1,Each,495000.0,C,1.0,2019-03-12 00:00:00.000,State,2355,2019
CA,AMADOR COUNTY SHERIFF'S OFFICE,2355-01-596-1330,MINE RESISTANT VEHICLE,1,Each,575000.0,C,1.0,2019-08-07 00:00:00.000,State,2355,2019
CA,AZUSA POLICE DEPT,2355-01-570-7996,MINE RESISTANT VEHICLE,1,Each,495000.0,C,1.0,2018-03-07 00:00:00.000,State,2355,2018
CA,FRESNO POLICE DEPT,2355-01-623-0967,MINE RESISTANT VEHICLE,1,Each,767360.0,C,1.0,2019-07-03 00:00:00.000,State,2355,2019
CA,LASSEN COUNTY SHERIFF OFFICE,2355-01-570-7996,MINE RESISTANT VEHICLE,1,Each,495000.0,C,1.0,2019-03-07 00:00:00.000,State,2355,2019
CA,MARIPOSA COUNTY SHERIFF OFFICE,2355-01-553-4634,MINE RESISTANT VEHICLE,1,Each,658000.0,C,1.0,2017-11-07 00:00:00.000,State,2355,2017
CA,MARYSVILLE POLICE DEPT,2355-01-623-0967,MINE RESISTANT VEHICLE,1,Each,767360.0,C,1.0,2019-09-06 00:00:00.000,State,2355,2019
CA,MONTEREY COUNTY SHERIFF DEPT,2355-01-553-4634,MINE RESISTANT VEHICLE,1,Each,658000.0,C,1.0,2017-09-06 00:00:00.000,State,2355,2017
CA,PETALUMA  POLICE DEPARTMENT,2355-01-596-1330,MINE RESISTANT VEHICLE,1,Each,575000.0,C,1.0,2019-08-12 00:00:00.000,State,2355,2019
CA,SALINAS POLICE DEPT,2355-01-596-1330,MINE RESISTANT VEHICLE,1,Each,575000.0,C,1.0,2019-08-14 00:00:00.000,State,2355,2019
CA,SAN BENITO COUNTY SHERIFF OFFICE,2355-01-596-1330,MINE RESISTANT VEHICLE,1,Each,575000.0,C,1.0,2019-08-16 00:00:00.000,State,2355,2019
CA,SAN LUIS OBISPO COUNTY SHERIFF,2355-01-596-1330,MINE RESISTANT VEHICLE,1,Each,575000.0,C,1.0,2019-08-01 00:00:00.000,State,2355,2019
CA,SANTA PAULA POLICE DEPT,2355-01-623-0967,MINE RESISTANT VEHICLE,1,Each,767360.0,C,1.0,2019-07-17 00:00:00.000,State,2355,2019
CA,SOUTH GATE POLICE DEPT,2355-01-596-1330,MINE RESISTANT VEHICLE,1,Each,575000.0,C,1.0,2019-08-16 00:00:00.000,State,2355,2019
CO,ALAMOSA POLICE DEPT,2355-01-561-0281,MINE RESISTANT VEHICLE,1,Each,689000.0,C,1.0,2016-04-19 00:00:00.000,State,2355,2016
CO,BENT COUNTY SHERIFF OFFICE,2355-01-581-2392,MINE RESISTANT VEHICLE,1,Each,705421.0,D,1.0,2020-03-11 00:00:00.000,State,2355,2020
CO,CLEAR CREEK COUNTY SHERIFF'S OFFICE,2355-01-581-2392,MINE RESISTANT VEHICLE,1,Each,705421.0,D,1.0,2020-04-02 00:00:00.000,State,2355,2020
CO,COMMERCE CITY POLICE DEPT,2355-01-570-7996,MINE RESISTANT VEHICLE,1,Each,495000.0,C,1.0,2018-04-11 00:00:00.000,State,2355,2018
CO,CRAIG POLICE DEPT.,2355-01-602-3357,MINE RESISTANT VEHICLE,1,Each,865000.0,C,1.0,2016-08-02 00:00:00.000,State,2355,2016
CO,FOUNTAIN POLICE DEPARTMENT,2355-01-570-7996,MINE RESISTANT VEHICLE,1,Each,495000.0,C,1.0,2018-04-19 00:00:00.000,State,2355,2018
CO,LAKE CO SHERIFF OFFICE,2355-01-570-7996,MINE RESISTANT VEHICLE,1,Each,495000.0,C,1.0,2018-03-12 00:00:00.000,State,2355,2018
CO,NORTHGLENN POLICE DEPT,2355-01-553-4634,MINE RESISTANT VEHICLE,1,Each,658000.0,C,1.0,2016-10-17 00:00:00.000,State,2355,2016
CO,OTERO COUNTY SHERIFF'S OFFICE,2355-01-581-2392,MINE RESISTANT VEHICLE,1,Each,705421.0,D,1.0,2020-03-13 00:00:00.000,State,2355,2020
CO,PHILLIPS COUNTY SHERIFF DEPT,2355-01-570-7996,MINE RESISTANT VEHICLE,1,Each,495000.0,C,1.0,2018-03-06 00:00:00.000,State,2355,2018
CO,STERLING POLICE DEPT,2355-01-555-0908,MINE RESISTANT VEHICLE,1,Each,412000.0,C,1.0,2014-09-03 00:00:00.000,State,2355,2014
CT,BRIDGEPORT PD,2355-01-581-2392,MINE RESISTANT VEHICLE,1,Each,705421.0,D,1.0,2020-04-06 00:00:00.000,State,2355,2020
CT,BRISTOL POLICE DEPT,2355-01-623-0967,MINE RESISTANT VEHICLE,1,Each,767360.0,C,1.0,2019-10-15 00:00:00.000,State,2355,2019
CT,MADISON POLICE DEPT,2355-01-623-0967,MINE RESISTANT VEHICLE,1,Each,767360.0,C,1.0,2019-09-03 00:00:00.000,State,2355,2019
CT,NEW LONDON POLICE DEPT,2355-01-581-2392,MINE RESISTANT VEHICLE,1,Each,705421.0,D,1.0,2020-01-24 00:00:00.000,State,2355,2020
CT,NEWTOWN POLICE DEPT,2355-01-596-1330,MINE RESISTANT VEHICLE,1,Each,575000.0,C,1.0,2019-08-15 00:00:00.000,State,2355,2019
CT,NORWALK POLICE DEPT,2355-01-623-0967,MINE RESISTANT VEHICLE,1,Each,767360.0,C,1.0,2019-10-10 00:00:00.000,State,2355,2019
CT,NORWICH POLICE DEPT,2355-01-555-0908,MINE RESISTANT VEHICLE,1,Each,412000.0,C,1.0,2014-10-09 10:30:43.999,State,2355,2014
CT,STATE POLICE,2355-01-581-2392,MINE RESISTANT VEHICLE,1,Each,705421.0,D,1.0,2020-01-23 00:00:00.000,State,2355,2020
FL,ALACHUA COUNTY SHERIFF OFFICE,2355-01-596-1330,MINE RESISTANT VEHICLE,1,Each,575000.0,C,1.0,2019-08-01 00:00:00.000,State,2355,2019
FL,BAKER COUNTY SHERIFF'S OFFICE,2355-01-555-0908,MINE RESISTANT VEHICLE,1,Each,412000.0,C,1.0,2014-09-03 00:00:00.000,State,2355,2014
FL,CITRUS COUNTY SHERIFF'S OFFICE,2355-01-623-0967,MINE RESISTANT VEHICLE,1,Each,767360.0,C,1.0,2019-06-26 00:00:00.000,State,2355,2019
FL,CLAY COUNTY SHERIFF OFFICE,2355-01-553-4634,MINE RESISTANT VEHICLE,1,Each,658000.0,C,1.0,2017-10-25 00:00:00.000,State,2355,2017
FL,CLERMONT POLICE DEPARTMENT,2355-01-553-4634,MINE RESISTANT VEHICLE,1,Each,658000.0,C,1.0,2018-02-20 00:00:00.000,State,2355,2018
FL,CRESTVIEW POLICE DEPT,2355-01-553-4634,MINE RESISTANT VEHICLE,1,Each,658000.0,C,1.0,2016-11-22 00:00:00.000,State,2355,2016
FL,FLAGLER COUNTY SHERIFF'S OFFICE,2355-01-623-0967,MINE RESISTANT VEHICLE,1,Each,767360.0,C,1.0,2019-06-27 00:00:00.000,State,2355,2019
FL,FLORIDA INTERNATIONAL UNIV PD HI_ED,2355-01-623-0967,MINE RESISTANT VEHICLE,1,Each,767360.0,C,1.0,2019-09-05 00:00:00.000,State,2355,2019
FL,FORT LAUDERDALE POLICE DEPT,2355-01-596-1330,MINE RESISTANT VEHICLE,1,Each,575000.0,C,1.0,2019-08-07 00:00:00.000,State,2355,2019
FL,HAMILTON COUNTY SHERIFF DEPT,2355-01-602-3357,MINE RESISTANT VEHICLE,1,Each,865000.0,C,1.0,2016-02-11 00:00:00.000,State,2355,2016
FL,HIGHLANDS COUNTY SHERIFF'S OFFICE,2355-01-596-1330,MINE RESISTANT VEHICLE,1,Each,575000.0,C,1.0,2019-08-07 00:00:00.000,State,2355,2019
FL,JEFFERSON COUNTY SHERIFF'S OFFICE,2355-01-581-2392,MINE RESISTANT VEHICLE,1,Each,705421.0,D,1.0,2020-01-30 00:00:00.000,State,2355,2020
FL,LAKELAND POLICE DEPT,2355-01-590-1660,MINE RESISTANT VEHICLE,1,Each,733000.0,C,1.0,2016-01-14 00:00:00.000,State,2355,2016
FL,LEESBURG POLICE DEPT,2355-01-590-1660,MINE RESISTANT VEHICLE,1,Each,733000.0,C,1.0,2016-01-20 00:00:00.000,State,2355,2016
FL,LEVY COUNTY SHERIFFS OFFICE,2355-01-623-0967,MINE RESISTANT VEHICLE,1,Each,767360.0,C,1.0,2019-08-28 00:00:00.000,State,2355,2019
FL,OKALOOSA COUNTY SHERIFF'S DEPT,2355-01-552-5199,MINE RESISTANT VEHICLE,1,Each,300000.0,C,1.0,2019-07-02 00:00:00.000,State,2355,2019
FL,OKEECHOBEE COUNTY SHERIFF'S OFFICE,2355-01-581-2392,MINE RESISTANT VEHICLE,1,Each,705421.0,D,1.0,2020-03-30 00:00:00.000,State,2355,2020
FL,ORANGE COUNTY SHERIFF DEPT,2355-01-553-4634,MINE RESISTANT VEHICLE,1,Each,658000.0,C,1.0,2016-11-08 00:00:00.000,State,2355,2016
FL,ORMOND BEACH POLICE DEPT,2355-01-582-6466,MINE RESISTANT VEHICLE,1,Each,689000.0,C,1.0,2019-12-03 00:00:00.000,State,2355,2019
FL,PALM BAY POLICE DEPT,2355-01-555-0908,MINE RESISTANT VEHICLE,1,Each,412000.0,C,1.0,2014-09-03 00:00:00.000,State,2355,2014
FL,PALM BEACH COUNTY SHERIFF OFFICE,2355-01-553-4634,MINE RESISTANT VEHICLE,1,Each,658000.0,C,1.0,2017-09-12 00:00:00.000,State,2355,2017
FL,PINELLAS COUNTY SHERIFF'S OFFICE,2355-01-553-4634,MINE RESISTANT VEHICLE,1,Each,658000.0,C,1.0,2016-10-18 00:00:00.000,State,2355,2016
FL,PINELLAS COUNTY SHERIFF'S OFFICE,2355-01-553-4634,MINE RESISTANT VEHICLE,1,Each,658000.0,C,1.0,2016-10-18 00:00:00.000,State,2355,2016
FL,PINELLAS PARK POLICE DEPT,2355-01-553-4634,MINE RESISTANT VEHICLE,1,Each,658000.0,C,1.0,2016-04-12 00:00:00.000,State,2355,2016
FL,POLK COUNTY SHERIFF OFFICE,2355-01-602-3357,MINE RESISTANT VEHICLE,1,Each,865000.0,C,1.0,2016-02-29 00:00:00.000,State,2355,2016
FL,SAINT JOHNS COUNTY SHERIFF'S OFFICE,2355-01-561-0281,MINE RESISTANT VEHICLE,1,Each,689000.0,C,1.0,2016-04-26 00:00:00.000,State,2355,2016
FL,TEQUESTA POLICE DEPT,2355-01-623-0967,MINE RESISTANT VEHICLE,1,Each,767360.0,C,1.0,2019-10-10 00:00:00.000,State,2355,2019
FL,VOLUSIA COUNTY SHERIFF OFFICE,2355-01-602-3357,MINE RESISTANT VEHICLE,1,Each,865000.0,C,1.0,2016-03-15 00:00:00.000,State,2355,2016
FL,WASHINGTON COUNTY SHERIFF OFFICE,2355-01-623-0967,MINE RESISTANT VEHICLE,1,Each,767360.0,C,1.0,2019-06-27 00:00:00.000,State,2355,2019
GA,BARROW COUNTY SHERIFF OFFICE,2355-01-581-2392,MINE RESISTANT VEHICLE,1,Each,705421.0,D,1.0,2020-03-06 00:00:00.000,State,2355,2020
GA,BERRIEN COUNTY SHERIFF DEPT,2355-01-623-0967,MINE RESISTANT VEHICLE,1,Each,767360.0,C,1.0,2019-10-09 00:00:00.000,State,2355,2019
GA,CLAYTON COUNTY SHERIFF OFFICE,2355-01-553-4634,MINE RESISTANT VEHICLE,1,Each,658000.0,C,1.0,2016-11-08 00:00:00.000,State,2355,2016
GA,COLUMBIA COUNTY SHERIFF DEPT,2355-01-602-3357,MINE RESISTANT VEHICLE,1,Each,865000.0,C,1.0,2016-11-02 00:00:00.000,State,2355,2016
GA,CORNELIA POLICE DEPT,2355-01-562-6146,MINE RESISTANT VEHICLE,1,Each,689000.0,C,1.0,2017-07-18 00:00:00.000,State,2355,2017
GA,FULTON COUNTY SHERIFF DEPT,2355-01-553-4634,MINE RESISTANT VEHICLE,1,Each,658000.0,C,1.0,2016-03-31 00:00:00.000,State,2355,2016
GA,GRIFFIN POLICE DEPT,2355-01-529-2246,MINE RESISTANT VEHICLE,1,Each,300000.0,C,1.0,2019-11-21 00:00:00.000,State,2355,2019
GA,LIBERTY CSO,2355-01-553-4634,MINE RESISTANT VEHICLE,1,Each,658000.0,C,1.0,2016-11-09 00:00:00.000,State,2355,2016
GA,MARIETTA POLICE DEPT,2355-01-553-4634,MINE RESISTANT VEHICLE,1,Each,658000.0,C,1.0,2016-11-07 00:00:00.000,State,2355,2016
GA,NEWNAN POLICE DEPT,2355-01-602-3357,MINE RESISTANT VEHICLE,1,Each,865000.0,C,1.0,2016-03-17 00:00:00.000,State,2355,2016
GA,PAULDING COUNTY  SHERIFF OFFICE,2355-01-529-2246,MINE RESISTANT VEHICLE,1,Each,300000.0,C,1.0,2019-06-13 00:00:00.000,State,2355,2019
GA,PUBLIC SAFETY TRAINING CENTER,2355-01-553-4634,MINE RESISTANT VEHICLE,1,Each,658000.0,C,1.0,2016-11-08 00:00:00.000,State,2355,2016
GA,WALTON COUNTY SHERIFF DEPT,2355-01-602-3357,MINE RESISTANT VEHICLE,1,Each,865000.0,C,1.0,2016-03-17 00:00:00.000,State,2355,2016
GA,WARNER ROBINS POLICE DEPT,2355-01-602-3357,MINE RESISTANT VEHICLE,1,Each,865000.0,C,1.0,2016-12-01 00:00:00.000,State,2355,2016
GA,WAYCROSS POLICE DEPT,2355-01-590-1660,MINE RESISTANT VEHICLE,1,Each,733000.0,C,1.0,2016-01-14 00:00:00.000,State,2355,2016
GA,WAYNE COUNTY SHERIFF DEPT,2355-01-553-4634,MINE RESISTANT VEHICLE,1,Each,658000.0,C,1.0,2016-03-24 00:00:00.000,State,2355,2016
ID,CALDWELL POLICE DEPT,2355-01-623-0967,MINE RESISTANT VEHICLE,1,Each,767360.0,C,1.0,2019-07-22 00:00:00.000,State,2355,2019
ID,LEWISTON POLICE DEPT,2355-01-553-4634,MINE RESISTANT VEHICLE,1,Each,658000.0,C,1.0,2016-10-20 00:00:00.000,State,2355,2016
ID,MINIDOKA COUNTY SHERIFF OFFICE,2355-01-553-4634,MINE RESISTANT VEHICLE,1,Each,658000.0,C,1.0,2018-05-14 00:00:00.000,State,2355,2018
ID,TWIN FALLS COUNTY SHERIFF'S OFFICE,2355-01-553-4634,MINE RESISTANT VEHICLE,1,Each,658000.0,C,1.0,2016-10-18 00:00:00.000,State,2355,2016
IL,CHARLESTON POLICE DEPT,2355-01-570-7996,MINE RESISTANT VEHICLE,1,Each,495000.0,C,1.0,2019-05-02 00:00:00.000,State,2355,2019
IL,CHARLESTON POLICE DEPT,2355-01-570-7996,MINE RESISTANT VEHICLE,1,Each,495000.0,C,1.0,2019-05-02 00:00:00.000,State,2355,2019
IL,JO DAVIESS COUNTY SHERIFFS OFFICE,2355-01-562-6152,MINE RESISTANT VEHICLE,1,Each,689000.0,C,1.0,2019-05-30 00:00:00.000,State,2355,2019
IL,KANE COUNTY SHERIFF OFFICE,2355-01-561-0281,MINE RESISTANT VEHICLE,1,Each,689000.0,C,1.0,2016-04-04 00:00:00.000,State,2355,2016
IN,BARTHOLOMEW COUNTY SHERIFF OFFICE,2355-01-602-3357,MINE RESISTANT VEHICLE,1,Each,865000.0,C,1.0,2016-07-26 00:00:00.000,State,2355,2016
IN,BOONE COUNTY SHERIFF DEPT,2355-01-582-6466,MINE RESISTANT VEHICLE,1,Each,689000.0,C,1.0,2019-12-02 00:00:00.000,State,2355,2019
IN,CLINTON COUNTY SHERIFF OFFICE,2355-01-553-4634,MINE RESISTANT VEHICLE,1,Each,658000.0,C,1.0,2016-10-27 00:00:00.000,State,2355,2016
IN,DELAWARE COUNTY SHERIFF OFFICE,2355-01-561-0281,MINE RESISTANT VEHICLE,1,Each,689000.0,C,1.0,2016-05-31 00:00:00.000,State,2355,2016
IN,ELKHART POLICE DEPT,2355-01-561-0281,MINE RESISTANT VEHICLE,1,Each,689000.0,C,1.0,2016-05-31 00:00:00.000,State,2355,2016
IN,FORT WAYNE POLICE DEPT,2355-01-552-5344,MINE RESISTANT VEHICLE,1,Each,610764.0,C,1.0,2017-04-28 00:00:00.000,State,2355,2017
IN,GREENWOOD POLICE DEPT,2355-01-553-4634,MINE RESISTANT VEHICLE,1,Each,658000.0,C,1.0,2016-10-27 00:00:00.000,State,2355,2016
IN,HANCOCK COUNTY SHERIFF DEPT,2355-01-561-0281,MINE RESISTANT VEHICLE,1,Each,689000.0,C,1.0,2016-05-03 00:00:00.000,State,2355,2016
IN,HOWARD COUNTY SHERIFF DEPT,2355-01-553-4634,MINE RESISTANT VEHICLE,1,Each,658000.0,C,1.0,2016-10-27 00:00:00.000,State,2355,2016
IN,LAKE COUNTY SHERIFF DEPT,2355-01-596-1330,MINE RESISTANT VEHICLE,1,Each,575000.0,C,1.0,2019-08-05 00:00:00.000,State,2355,2019
IN,LAKE COUNTY SHERIFF DEPT,2355-01-596-1330,MINE RESISTANT VEHICLE,1,Each,575000.0,C,1.0,2019-08-01 00:00:00.000,State,2355,2019
IN,MUNCIE POLICE DEPT,2355-01-561-0281,MINE RESISTANT VEHICLE,1,Each,689000.0,C,1.0,2016-05-03 00:00:00.000,State,2355,2016
IN,PENDLETON POLICE DEPARTMENT,2355-01-553-4634,MINE RESISTANT VEHICLE,1,Each,658000.0,C,1.0,2016-10-31 00:00:00.000,State,2355,2016
IN,PORTAGE POLICE DEPT,2355-01-561-0281,MINE RESISTANT VEHICLE,1,Each,689000.0,C,1.0,2016-04-28 00:00:00.000,State,2355,2016
KY,ALEXANDRIA POLICE DEPT,2355-01-562-6146,MINE RESISTANT VEHICLE,1,Each,689000.0,C,1.0,2016-06-23 00:00:00.000,State,2355,2016
KY,BOONE COUNTY SHERIFF DEPT,2355-01-553-4634,MINE RESISTANT VEHICLE,1,Each,658000.0,C,1.0,2016-11-07 00:00:00.000,State,2355,2016
KY,MADISONVILLE POLICE DEPT,2355-01-561-0281,MINE RESISTANT VEHICLE,1,Each,689000.0,C,1.0,2016-03-31 00:00:00.000,State,2355,2016
KY,MOREHEAD POLICE DEPT,2355-01-553-4634,MINE RESISTANT VEHICLE,1,Each,658000.0,C,1.0,2017-04-11 00:00:00.000,State,2355,2017
KY,SAINT MATTHEWS POLICE DEPT,2355-01-553-4634,MINE RESISTANT VEHICLE,1,Each,658000.0,C,1.0,2018-03-14 00:00:00.000,State,2355,2018
KY,SCOTT COUNTY SHERIFF DEPT,2355-01-561-0281,MINE RESISTANT VEHICLE,1,Each,689000.0,C,1.0,2016-05-24 00:00:00.000,State,2355,2016
LA,BOSSIER CITY POLICE DEPT,2355-01-602-3357,MINE RESISTANT VEHICLE,1,Each,865000.0,C,1.0,2016-12-21 00:00:00.000,State,2355,2016
LA,BOSSIER PARISH SHERIFF OFFICE,2355-01-602-3357,MINE RESISTANT VEHICLE,1,Each,865000.0,C,1.0,2017-01-03 00:00:00.000,State,2355,2017
LA,JEFFERSON PARISH SHERIFF'S OFFICE,2355-01-553-4634,MINE RESISTANT VEHICLE,1,Each,658000.0,C,1.0,2016-11-16 00:00:00.000,State,2355,2016
LA,KENNER POLICE DEPT,2355-01-553-4634,MINE RESISTANT VEHICLE,1,Each,658000.0,C,1.0,2016-11-09 00:00:00.000,State,2355,2016
LA,SAINT MARTIN PARISH SHERIFF DEPT,2355-01-623-0967,MINE RESISTANT VEHICLE,1,Each,767360.0,C,1.0,2019-07-23 00:00:00.000,State,2355,2019
LA,WEST MONROE POLICE DEPT,2355-01-623-0967,MINE RESISTANT VEHICLE,1,Each,767360.0,C,1.0,2019-10-17 00:00:00.000,State,2355,2019
LA,WESTWEGO POLICE DEPT,2355-01-602-3357,MINE RESISTANT VEHICLE,1,Each,865000.0,C,1.0,2016-02-29 00:00:00.000,State,2355,2016
ME,LEWISTON POLICE DEPT,2355-01-553-4634,MINE RESISTANT VEHICLE,1,Each,658000.0,C,1.0,2016-03-22 00:00:00.000,State,2355,2016
ME,SANFORD POLICE DEPT,2355-01-596-1330,MINE RESISTANT VEHICLE,1,Each,575000.0,C,1.0,2019-08-09 00:00:00.000,State,2355,2019
MD,CUMBERLAND POLICE DEPT,2355-01-602-3357,MINE RESISTANT VEHICLE,1,Each,865000.0,C,1.0,2016-10-12 00:00:00.000,State,2355,2016
MA,OAK BLUFFS PD,2355-01-623-0967,MINE RESISTANT VEHICLE,1,Each,767360.0,C,1.0,2019-10-16 00:00:00.000,State,2355,2019
MI,BATTLE CREEK POLICE DEPT,2355-01-596-1330,MINE RESISTANT VEHICLE,1,Each,575000.0,C,1.0,2019-10-09 00:00:00.000,State,2355,2019
MI,BAY COUNTY SHERIFF OFFICE,2355-01-553-4634,MINE RESISTANT VEHICLE,1,Each,658000.0,C,1.0,2017-08-23 00:00:00.000,State,2355,2017
MI,BRIGHTON POLICE DEPT,2355-01-553-4634,MINE RESISTANT VEHICLE,1,Each,658000.0,C,1.0,2016-10-18 00:00:00.000,State,2355,2016
MI,GROSSE POINTE FARMS PUBLIC SAFETY,2355-01-596-1330,MINE RESISTANT VEHICLE,1,Each,575000.0,C,1.0,2019-09-03 00:00:00.000,State,2355,2019
MI,HIGHLAND PARK POLICE DEPT,2355-01-602-3357,MINE RESISTANT VEHICLE,1,Each,865000.0,C,1.0,2016-02-09 00:00:00.000,State,2355,2016
MI,ISABELLA COUNTY SHERIFF DEPT,2355-01-581-2392,MINE RESISTANT VEHICLE,1,Each,705421.0,D,1.0,2020-03-25 00:00:00.000,State,2355,2020
MI,MACOMB COUNTY SHERIFF'S OFFICE,2355-01-590-1660,MINE RESISTANT VEHICLE,1,Each,733000.0,C,1.0,2016-01-20 00:00:00.000,State,2355,2016
MI,NILES POLICE DEPT,2355-01-602-3357,MINE RESISTANT VEHICLE,1,Each,865000.0,C,1.0,2016-02-23 00:00:00.000,State,2355,2016
MI,OAKLAND COUNTY  SHERIFF OFFICE,2355-01-590-1660,MINE RESISTANT VEHICLE,1,Each,733000.0,C,1.0,2016-01-20 00:00:00.000,State,2355,2016
MI,PORT HURON POLICE DEPT,2355-01-553-4634,MINE RESISTANT VEHICLE,1,Each,658000.0,C,1.0,2016-10-19 00:00:00.000,State,2355,2016
MI,ROSEVILLE POLICE DEPARTMENT,2355-01-581-2392,MINE RESISTANT VEHICLE,1,Each,705421.0,D,1.0,2020-03-10 00:00:00.000,State,2355,2020
MI,SAGINAW POLICE DEPT,2355-01-555-0908,MINE RESISTANT VEHICLE,1,Each,412000.0,C,1.0,2016-03-15 00:00:00.000,State,2355,2016
MI,SAINT CLAIR SHORES POLICE DEPT,2355-01-561-0281,MINE RESISTANT VEHICLE,1,Each,689000.0,C,1.0,2016-05-24 00:00:00.000,State,2355,2016
MI,SAINT JOSEPH CTY SHERIFF'S OFFICE,2355-01-602-3357,MINE RESISTANT VEHICLE,1,Each,865000.0,C,1.0,2016-12-21 00:00:00.000,State,2355,2016
MI,STERLING HEIGHTS POLICE DEPT,2355-01-590-1660,MINE RESISTANT VEHICLE,1,Each,733000.0,C,1.0,2016-09-08 00:00:00.000,State,2355,2016
MI,TROY POLICE DEPT,2355-01-581-2392,MINE RESISTANT VEHICLE,1,Each,705421.0,D,1.0,2020-04-08 00:00:00.000,State,2355,2020
MI,VAN BUREN COUNTY SHERIFFS OFFICE,2355-01-561-0281,MINE RESISTANT VEHICLE,1,Each,689000.0,C,1.0,2016-05-20 00:00:00.000,State,2355,2016
MI,WESTLAND POLICE DEPT,2355-01-561-0281,MINE RESISTANT VEHICLE,1,Each,689000.0,C,1.0,2016-06-03 00:00:00.000,State,2355,2016
MN,ANOKA POLICE DEPARTMENT,2355-01-570-7996,MINE RESISTANT VEHICLE,1,Each,495000.0,C,1.0,2018-02-26 00:00:00.000,State,2355,2018
MN,BELTRAMI COUNTY SHERIFF OFFICE,2355-01-570-7996,MINE RESISTANT VEHICLE,1,Each,495000.0,C,1.0,2018-04-03 00:00:00.000,State,2355,2018
MN,BENTON COUNTY SHERIFF OFFICE,2355-01-553-4634,MINE RESISTANT VEHICLE,1,Each,658000.0,C,1.0,2017-02-08 00:00:00.000,State,2355,2017
MN,CASS COUNTY SHERIFF OFFICE,2355-01-553-4634,MINE RESISTANT VEHICLE,1,Each,658000.0,C,1.0,2018-04-26 00:00:00.000,State,2355,2018
MN,CHISAGO COUNTY SHERIFF OFFICE,2355-01-602-3357,MINE RESISTANT VEHICLE,1,Each,865000.0,C,1.0,2016-07-05 00:00:00.000,State,2355,2016
MN,COTTAGE GROVE PD,2355-01-581-2392,MINE RESISTANT VEHICLE,1,Each,705421.0,D,1.0,2020-03-10 00:00:00.000,State,2355,2020
MN,ELK RIVER POLICE DEPT,2355-01-553-4634,MINE RESISTANT VEHICLE,1,Each,658000.0,C,1.0,2016-10-19 00:00:00.000,State,2355,2016
MN,HUBBARD COUNTY SHERIFF DEPT,2355-01-570-7996,MINE RESISTANT VEHICLE,1,Each,495000.0,C,1.0,2018-10-22 00:00:00.000,State,2355,2018
MN,ITASCA COUNTY SHERIFF OFFICE,2355-01-590-1660,MINE RESISTANT VEHICLE,1,Each,733000.0,C,1.0,2016-08-18 00:00:00.000,State,2355,2016
MN,KANDIYOHI COUNTY SHERIFF DEPT,2355-01-602-3357,MINE RESISTANT VEHICLE,1,Each,865000.0,C,1.0,2016-06-30 00:00:00.000,State,2355,2016
MN,MARTIN COUNTY SHERIFF DEPT,2355-01-602-3357,MINE RESISTANT VEHICLE,1,Each,865000.0,C,1.0,2016-06-15 00:00:00.000,State,2355,2016
MN,MILLE LACS COUNTY SHERIFF DEPT,2355-01-570-7996,MINE RESISTANT VEHICLE,1,Each,495000.0,C,1.0,2019-07-23 00:00:00.000,State,2355,2019
MN,NEW HOPE POLICE DEPARTMENT,2355-01-553-4634,MINE RESISTANT VEHICLE,1,Each,658000.0,C,1.0,2018-05-14 00:00:00.000,State,2355,2018
MN,PIPESTONE COUNTY SHERIFF DEPT,2355-01-553-4634,MINE RESISTANT VEHICLE,1,Each,658000.0,C,1.0,2017-08-03 00:00:00.000,State,2355,2017
MN,RAMSEY COUNTY SHERIFF DEPT,2355-01-561-0281,MINE RESISTANT VEHICLE,1,Each,689000.0,C,1.0,2016-06-07 00:00:00.000,State,2355,2016
MN,RENVILLE COUNTY SHERIFF OFFICE,2355-01-553-4634,MINE RESISTANT VEHICLE,1,Each,658000.0,C,1.0,2016-10-18 00:00:00.000,State,2355,2016
MN,STEARNS COUNTY SHERIFF OFFICE,2355-01-596-1330,MINE RESISTANT VEHICLE,1,Each,575000.0,C,1.0,2019-08-12 00:00:00.000,State,2355,2019
MN,STEVENS COUNTY SHERIFF DEPT,2355-01-602-3357,MINE RESISTANT VEHICLE,1,Each,865000.0,C,1.0,2016-06-23 00:00:00.000,State,2355,2016
MN,WADENA COUNTY SHERIFF DEPT,2355-01-570-7996,MINE RESISTANT VEHICLE,1,Each,495000.0,C,1.0,2018-12-26 00:00:00.000,State,2355,2018
MN,WEST HENNEPIN PUBLIC SAFETY DEPT,2355-01-602-3357,MINE RESISTANT VEHICLE,1,Each,865000.0,C,1.0,2016-11-15 00:00:00.000,State,2355,2016
MN,WINONA COUNTY SHERIFF DEPT,2355-01-602-3357,MINE RESISTANT VEHICLE,1,Each,865000.0,C,1.0,2016-06-16 00:00:00.000,State,2355,2016
MS,BROOKHAVEN POLICE DEPT,2355-01-581-2392,MINE RESISTANT VEHICLE,1,Each,705421.0,D,1.0,2020-01-08 00:00:00.000,State,2355,2020
MS,CORINTH POLICE DEPT,2355-01-623-0967,MINE RESISTANT VEHICLE,1,Each,767360.0,C,1.0,2019-06-24 00:00:00.000,State,2355,2019
MS,DEPT OF PUBLIC SAFETY,2355-01-553-4634,MINE RESISTANT VEHICLE,1,Each,658000.0,C,1.0,2016-11-09 00:00:00.000,State,2355,2016
MS,GULFPORT POLICE DEPT,2355-01-602-3357,MINE RESISTANT VEHICLE,1,Each,865000.0,C,1.0,2016-03-18 00:00:00.000,State,2355,2016
MS,HANCOCK COUNTY SHERIFFS OFFICE,2355-01-602-3357,MINE RESISTANT VEHICLE,1,Each,865000.0,C,1.0,2016-07-07 00:00:00.000,State,2355,2016
MS,HARRISON COUNTY SHERIFF DEPT,2355-01-602-3357,MINE RESISTANT VEHICLE,1,Each,865000.0,C,1.0,2016-06-23 00:00:00.000,State,2355,2016
MS,JACKSON COUNTY SHERIFF DEPT,2355-01-553-4636,MINE RESISTANT VEHICLE,1,Each,740000.0,C,1.0,2019-05-30 00:00:00.000,State,2355,2019
MS,JONES COUNTY SHERIFF DEPT,2355-01-553-4634,MINE RESISTANT VEHICLE,1,Each,658000.0,C,1.0,2016-11-07 00:00:00.000,State,2355,2016
MS,LAMAR COUNTY SHERIFF'S DEPARTMENT,2355-01-553-4634,MINE RESISTANT VEHICLE,1,Each,658000.0,C,1.0,2017-10-23 00:00:00.000,State,2355,2017
MS,LINCOLN COUNTY SHERIFF'S,2355-01-553-4634,MINE RESISTANT VEHICLE,1,Each,658000.0,C,1.0,2017-08-28 00:00:00.000,State,2355,2017
MS,MARSHALL COUNTY SHERIFFS OFFICE,2355-01-602-3357,MINE RESISTANT VEHICLE,1,Each,865000.0,C,1.0,2016-10-06 00:00:00.000,State,2355,2016
MS,MONROE COUNTY SHERIFF DEPT,2355-01-581-2392,MINE RESISTANT VEHICLE,1,Each,705421.0,D,1.0,2020-01-07 00:00:00.000,State,2355,2020
MS,PEARL POLICE DEPARTMENT,2355-01-596-1330,MINE RESISTANT VEHICLE,1,Each,575000.0,C,1.0,2019-08-06 00:00:00.000,State,2355,2019
MS,PIKE COUNTY SHERIFF OFFICE,2355-01-596-1330,MINE RESISTANT VEHICLE,1,Each,575000.0,C,1.0,2019-10-15 00:00:00.000,State,2355,2019
MS,RANKIN COUNTY SHERIFFS OFFICE,2355-01-602-3357,MINE RESISTANT VEHICLE,1,Each,865000.0,C,1.0,2016-06-16 00:00:00.000,State,2355,2016
MS,SOUTHAVEN POLICE DEPT,2355-01-581-2392,MINE RESISTANT VEHICLE,1,Each,705421.0,D,1.0,2020-01-07 00:00:00.000,State,2355,2020
MO,DALLAS COUNTY SHERIFF'S OFFICE,2355-01-623-0967,MINE RESISTANT VEHICLE,1,Each,767360.0,C,1.0,2019-07-18 00:00:00.000,State,2355,2019
MO,DEKALB COUNTY SHERIFF OFFICE,2355-01-581-2392,MINE RESISTANT VEHICLE,1,Each,705421.0,D,1.0,2020-01-09 00:00:00.000,State,2355,2020
MO,HOWELL COUNTY SHERIFF OFFICE,2355-01-582-6466,MINE RESISTANT VEHICLE,1,Each,689000.0,C,1.0,2020-02-10 00:00:00.000,State,2355,2020
MO,MONETT POLICE DEPT,2355-01-623-0967,MINE RESISTANT VEHICLE,1,Each,767360.0,C,1.0,2019-07-18 00:00:00.000,State,2355,2019
MO,PLATTE COUNTY SHERIFF OFFICE,2355-01-561-0281,MINE RESISTANT VEHICLE,1,Each,689000.0,C,1.0,2016-05-23 00:00:00.000,State,2355,2016
MO,WEBSTER COUNTY SHERIFF OFFICE,2355-01-553-4634,MINE RESISTANT VEHICLE,1,Each,658000.0,C,1.0,2017-02-27 00:00:00.000,State,2355,2017
NE,BEATRICE POLICE DEPT,2355-01-623-0967,MINE RESISTANT VEHICLE,1,Each,767360.0,C,1.0,2019-10-17 00:00:00.000,State,2355,2019
NE,BELLEVUE POLICE DEPT,2355-01-553-4634,MINE RESISTANT VEHICLE,1,Each,658000.0,C,1.0,2018-04-03 00:00:00.000,State,2355,2018
NE,DAKOTA COUNTY SHERIFF OFFICE,2355-01-623-0967,MINE RESISTANT VEHICLE,1,Each,767360.0,C,1.0,2019-07-02 00:00:00.000,State,2355,2019
NE,FREMONT POLICE DEPT,2355-01-553-4634,MINE RESISTANT VEHICLE,1,Each,658000.0,C,1.0,2017-08-30 00:00:00.000,State,2355,2017
NE,SARPY COUNTY SHERIFF DEPT,2355-01-582-6466,MINE RESISTANT VEHICLE,1,Each,689000.0,C,1.0,2019-12-05 00:00:00.000,State,2355,2019
NV,DOUGLAS COUNTY SHERIFFS OFFICE,2355-01-590-1660,MINE RESISTANT VEHICLE,1,Each,733000.0,C,1.0,2016-01-14 00:00:00.000,State,2355,2016
NV,FALLON POLICE DEPT,2355-01-554-8556,MINE RESISTANT VEHICLE,1,Each,689000.0,C,1.0,2016-06-08 00:00:00.000,State,2355,2016
NV,SPARKS POLICE DEPT,2355-01-553-4634,MINE RESISTANT VEHICLE,1,Each,658000.0,C,1.0,2018-03-06 00:00:00.000,State,2355,2018
NH,ROCKINGHAM COUNTY SHERIFF DEPT,2355-01-621-5506,MINE RESISTANT VEHICLE,1,Each,710000.0,C,7.0,2019-09-05 00:00:00.000,State,2355,2019
NJ,BRICK TOWNSHIP POLICE DEPT,2355-01-590-1660,MINE RESISTANT VEHICLE,1,Each,733000.0,C,1.0,2016-08-22 00:00:00.000,State,2355,2016
NJ,GARFIELD POLICE DEPARTMENT,2355-01-553-4634,MINE RESISTANT VEHICLE,1,Each,658000.0,C,1.0,2016-10-27 00:00:00.000,State,2355,2016
NJ,HOWELL TOWNSHIP POLICE DEPT,2355-01-602-3357,MINE RESISTANT VEHICLE,1,Each,865000.0,C,1.0,2016-08-19 00:00:00.000,State,2355,2016
NJ,LAKEWOOD TWP POLICE DEPT,2355-01-553-4634,MINE RESISTANT VEHICLE,1,Each,658000.0,C,1.0,2016-11-29 00:00:00.000,State,2355,2016
NJ,LINDEN POLICE DEPT,2355-01-553-4634,MINE RESISTANT VEHICLE,1,Each,658000.0,C,1.0,2016-07-12 00:00:00.000,State,2355,2016
NJ,MANCHESTER POLICE DEPT,2355-01-553-4634,MINE RESISTANT VEHICLE,1,Each,658000.0,C,1.0,2016-10-25 00:00:00.000,State,2355,2016
NJ,OCEAN CSO,2355-01-553-4634,MINE RESISTANT VEHICLE,1,Each,658000.0,C,1.0,2016-10-25 00:00:00.000,State,2355,2016
NJ,PARAMUS POLICE DEPT,2355-01-553-4634,MINE RESISTANT VEHICLE,1,Each,658000.0,C,1.0,2016-06-29 00:00:00.000,State,2355,2016
NJ,PASSAIC POLICE DEPARTMENT,2355-01-529-2246,MINE RESISTANT VEHICLE,1,Each,300000.0,C,1.0,2019-06-28 00:00:00.000,State,2355,2019
NJ,PERTH AMBOY POLICE DEPT,2355-01-553-4634,MINE RESISTANT VEHICLE,1,Each,658000.0,C,1.0,2016-12-12 00:00:00.000,State,2355,2016
NJ,RAHWAY POLICE DEPT,2355-01-553-4634,MINE RESISTANT VEHICLE,1,Each,658000.0,C,1.0,2016-11-23 00:00:00.000,State,2355,2016
NJ,READINGTON TOWNSHIP POLICE DEPT,2355-01-602-3357,MINE RESISTANT VEHICLE,1,Each,865000.0,C,1.0,2016-08-30 00:00:00.000,State,2355,2016
NJ,TOMS RIVER POLICE DEPT,2355-01-602-3357,MINE RESISTANT VEHICLE,1,Each,865000.0,C,1.0,2016-09-16 00:00:00.000,State,2355,2016
NJ,VOORHEES POLICE DEPT,2355-01-553-4634,MINE RESISTANT VEHICLE,1,Each,658000.0,C,1.0,2016-10-27 00:00:00.000,State,2355,2016
NJ,WASHINGTON TWP PD GLOUCESTER CO,2355-01-623-0967,MINE RESISTANT VEHICLE,1,Each,767360.0,C,1.0,2019-07-19 00:00:00.000,State,2355,2019
NM,EDDY COUNTY SHERIFF'S OFFICE,2355-01-552-5173,MINE RESISTANT VEHICLE,1,Each,542000.0,C,1.0,2018-09-19 00:00:00.000,State,2355,2018
NY,ALBION POLICE DEPT,2355-01-581-2392,MINE RESISTANT VEHICLE,1,Each,705421.0,D,1.0,2020-04-02 00:00:00.000,State,2355,2020
NY,BATAVIA POLICE DEPARTMENT,2355-01-602-3357,MINE RESISTANT VEHICLE,1,Each,865000.0,C,1.0,2019-10-10 00:00:00.000,State,2355,2019
NY,DUTCHESS CSO,2355-01-553-4634,MINE RESISTANT VEHICLE,1,Each,658000.0,C,1.0,2017-01-12 00:00:00.000,State,2355,2017
NY,GREENBURGH TOWN POLICE DEPT,2355-01-590-1660,MINE RESISTANT VEHICLE,1,Each,733000.0,C,1.0,2016-10-05 00:00:00.000,State,2355,2016
NY,LIVINGSTON COUNTY SHERIFF OFFICE,2355-01-553-4634,MINE RESISTANT VEHICLE,1,Each,658000.0,C,1.0,2016-11-07 00:00:00.000,State,2355,2016
NY,NEW YORK CITY POLICE DEPARTMENT,2355-01-602-3357,MINE RESISTANT VEHICLE,1,Each,865000.0,C,1.0,2016-03-09 00:00:00.000,State,2355,2016
NY,NEW YORK CITY POLICE DEPARTMENT,2355-01-553-4634,MINE RESISTANT VEHICLE,1,Each,658000.0,C,1.0,2017-01-18 00:00:00.000,State,2355,2017
NY,NEWBURGH TOWN POLICE DEPT,2355-01-570-7996,MINE RESISTANT VEHICLE,1,Each,495000.0,C,1.0,2019-03-04 00:00:00.000,State,2355,2019
NY,NORTH TONAWANDA POLICE DEPARTMENT,2355-01-623-0967,MINE RESISTANT VEHICLE,1,Each,767360.0,C,1.0,2019-08-20 00:00:00.000,State,2355,2019
NY,OSWEGO CSO,2355-01-623-0967,MINE RESISTANT VEHICLE,1,Each,767360.0,C,1.0,2019-08-22 00:00:00.000,State,2355,2019
NY,POUGHKEEPSIE POLICE DEPT,2355-01-590-1660,MINE RESISTANT VEHICLE,1,Each,733000.0,C,1.0,2016-01-20 00:00:00.000,State,2355,2016
NY,RENSSELAER COUNTY SHERIFF'S OFFICE,2355-01-552-5344,MINE RESISTANT VEHICLE,1,Each,610764.0,C,1.0,2018-09-13 00:00:00.000,State,2355,2018
NY,SARATOGA COUNTY SHERIFF DEPT,2355-01-553-4634,MINE RESISTANT VEHICLE,1,Each,658000.0,C,1.0,2016-10-27 00:00:00.000,State,2355,2016
NY,SUFFOLK COUNTY SHERIFF DEPT,2355-01-553-4634,MINE RESISTANT VEHICLE,1,Each,658000.0,C,1.0,2016-06-13 00:00:00.000,State,2355,2016
NY,ULSTER COUNTY SHERIFF OFFICE,2355-01-553-4634,MINE RESISTANT VEHICLE,1,Each,658000.0,C,1.0,2016-12-08 00:00:00.000,State,2355,2016
NC,BRUNSWICK COUNTY SHERIFF'S OFFICE,2355-01-570-7996,MINE RESISTANT VEHICLE,1,Each,495000.0,C,1.0,2019-02-27 00:00:00.000,State,2355,2019
NC,CARTERET COUNTY SHERIFFS OFFICE,2355-01-553-4634,MINE RESISTANT VEHICLE,1,Each,658000.0,C,1.0,2017-08-21 00:00:00.000,State,2355,2017
NC,CLEVELAND COUNTY SHERIFF'S OFFICE,2355-01-553-4634,MINE RESISTANT VEHICLE,1,Each,658000.0,C,1.0,2017-01-10 00:00:00.000,State,2355,2017
NC,COLUMBUS COUNTY SHERIFFS OFFICE,2355-01-623-0967,MINE RESISTANT VEHICLE,1,Each,767360.0,C,1.0,2019-08-27 00:00:00.000,State,2355,2019
NC,CONCORD POLICE DEPT,2355-01-596-1330,MINE RESISTANT VEHICLE,1,Each,575000.0,C,1.0,2019-08-12 00:00:00.000,State,2355,2019
NC,CONCORD POLICE DEPT,2355-01-602-3357,MINE RESISTANT VEHICLE,1,Each,865000.0,C,1.0,2016-11-03 00:00:00.000,State,2355,2016
NC,CRAVEN COUNTY SHERIFF OFFICE,2355-01-581-2392,MINE RESISTANT VEHICLE,1,Each,705421.0,D,1.0,2020-03-09 00:00:00.000,State,2355,2020
NC,CUMBERLAND COUNTY SHERIFF DEPT,2355-01-553-4634,MINE RESISTANT VEHICLE,1,Each,658000.0,C,1.0,2017-02-08 00:00:00.000,State,2355,2017
NC,DUPLIN COUNTY SHERIFF DEPT,2355-01-553-4634,MINE RESISTANT VEHICLE,1,Each,658000.0,C,1.0,2016-12-12 00:00:00.000,State,2355,2016
NC,GASTONIA CITY POLICE DEPT,2355-01-553-4634,MINE RESISTANT VEHICLE,1,Each,658000.0,C,1.0,2017-02-07 00:00:00.000,State,2355,2017
NC,GOLDSBORO POLICE DEPT,2355-01-553-4634,MINE RESISTANT VEHICLE,1,Each,658000.0,C,1.0,2017-01-10 00:00:00.000,State,2355,2017
NC,GUILFORD COUNTY SHERIFF DEPT,2355-01-553-4634,MINE RESISTANT VEHICLE,1,Each,658000.0,C,1.0,2017-02-08 00:00:00.000,State,2355,2017
NC,HOPE MILLS POLICE DEPT,2355-01-623-0967,MINE RESISTANT VEHICLE,1,Each,767360.0,C,1.0,2019-08-21 00:00:00.000,State,2355,2019
NC,IREDELL COUNTY SHERIFF OFFICE,2355-01-623-0967,MINE RESISTANT VEHICLE,1,Each,767360.0,C,1.0,2019-07-19 00:00:00.000,State,2355,2019
NC,KANNAPOLIS POLICE DEPT,2355-01-553-4634,MINE RESISTANT VEHICLE,1,Each,658000.0,C,1.0,2016-10-31 00:00:00.000,State,2355,2016
NC,LENOIR POLICE DEPT,2355-01-553-4634,MINE RESISTANT VEHICLE,1,Each,658000.0,C,1.0,2017-04-04 00:00:00.000,State,2355,2017
NC,LINCOLN COUNTY SHERIFFS OFFICE,2355-01-553-4634,MINE RESISTANT VEHICLE,1,Each,658000.0,C,1.0,2017-09-06 00:00:00.000,State,2355,2017
NC,MCDOWELL COUNTY SHERIFF DEPT,2355-01-553-4634,MINE RESISTANT VEHICLE,1,Each,658000.0,C,1.0,2016-12-12 00:00:00.000,State,2355,2016
NC,NEW HANOVER COUNTY SHERIFF DEPT,2355-01-570-7996,MINE RESISTANT VEHICLE,1,Each,495000.0,C,1.0,2019-03-28 00:00:00.000,State,2355,2019
NC,ORANGE COUNTY SHERIFF DEPT,2355-01-553-4634,MINE RESISTANT VEHICLE,1,Each,658000.0,C,1.0,2017-05-16 00:00:00.000,State,2355,2017
NC,SAMPSON COUNTY SHERIFF DEPT,2355-01-553-4634,MINE RESISTANT VEHICLE,1,Each,658000.0,C,1.0,2017-01-10 00:00:00.000,State,2355,2017
NC,STANLY COUNTY SHERIFF DEPT,2355-01-553-4634,MINE RESISTANT VEHICLE,1,Each,658000.0,C,1.0,2016-12-12 00:00:00.000,State,2355,2016
NC,SURRY COUNTY SHERIFF OFFICE,2355-01-553-4634,MINE RESISTANT VEHICLE,1,Each,658000.0,C,1.0,2016-12-12 00:00:00.000,State,2355,2016
NC,UNION COUNTY SHERIFF DEPT,2355-01-553-4634,MINE RESISTANT VEHICLE,1,Each,658000.0,C,1.0,2016-11-03 00:00:00.000,State,2355,2016
NC,WAKE COUNTY SHERIFF DEPT,2355-01-553-4634,MINE RESISTANT VEHICLE,1,Each,658000.0,C,1.0,2017-04-25 00:00:00.000,State,2355,2017
NC,WAKE FOREST POLICE DEPT,2355-01-553-4634,MINE RESISTANT VEHICLE,1,Each,658000.0,C,1.0,2017-04-04 00:00:00.000,State,2355,2017
NC,WILKES COUNTY SHERIFF'S OFFICE,2355-01-553-4634,MINE RESISTANT VEHICLE,1,Each,658000.0,C,1.0,2016-12-08 00:00:00.000,State,2355,2016
NC,WILMINGTON POLICE DEPT,2355-01-596-1330,MINE RESISTANT VEHICLE,1,Each,575000.0,C,1.0,2019-08-05 00:00:00.000,State,2355,2019
NC,WILMINGTON POLICE DEPT,2355-01-623-0967,MINE RESISTANT VEHICLE,1,Each,767360.0,C,1.0,2019-07-16 00:00:00.000,State,2355,2019
NC,WILSON COUNTY SHERIFF OFFICE,2355-01-581-2392,MINE RESISTANT VEHICLE,1,Each,705421.0,D,1.0,2020-03-04 00:00:00.000,State,2355,2020
ND,DEVILS LAKE POLICE DEPT,2355-01-581-2392,MINE RESISTANT VEHICLE,1,Each,705421.0,D,1.0,2020-01-07 00:00:00.000,State,2355,2020
ND,MCLEAN COUNTY SHERIFF OFFICE,2355-01-553-4634,MINE RESISTANT VEHICLE,1,Each,658000.0,C,1.0,2016-10-24 00:00:00.000,State,2355,2016
ND,MCLEAN COUNTY SHERIFF OFFICE,2355-01-623-0967,MINE RESISTANT VEHICLE,1,Each,767360.0,C,1.0,2019-08-22 00:00:00.000,State,2355,2019
ND,ROLETTE COUNTY SHERIFF OFFICE,2355-01-553-4634,MINE RESISTANT VEHICLE,1,Each,658000.0,C,1.0,2017-03-27 00:00:00.000,State,2355,2017
ND,STUTSMAN COUNTY SHERIFF OFFICE,2355-01-623-0967,MINE RESISTANT VEHICLE,1,Each,767360.0,C,1.0,2019-10-08 00:00:00.000,State,2355,2019
ND,WALSH COUNTY SHERIFF DEPT,2355-01-570-7996,MINE RESISTANT VEHICLE,1,Each,495000.0,C,1.0,2019-05-02 00:00:00.000,State,2355,2019
OH,BOARDMAN POLICE DEPT,2355-01-623-0967,MINE RESISTANT VEHICLE,1,Each,767360.0,C,1.0,2019-07-22 00:00:00.000,State,2355,2019
OH,EAST CLEVELAND POLICE DEPT,2355-01-596-1330,MINE RESISTANT VEHICLE,1,Each,575000.0,C,1.0,2019-08-19 00:00:00.000,State,2355,2019
OH,HAMILTON CTY POLICE ASSN SWAT,2355-01-555-0908,MINE RESISTANT VEHICLE,1,Each,412000.0,C,1.0,2014-08-26 00:00:00.000,State,2355,2014
OH,MIDDLETOWN POLICE DEPT,2355-01-570-7996,MINE RESISTANT VEHICLE,1,Each,495000.0,C,1.0,2019-02-07 00:00:00.000,State,2355,2019
OH,PARMA POLICE DEPT,2355-01-623-0967,MINE RESISTANT VEHICLE,1,Each,767360.0,C,1.0,2019-07-26 00:00:00.000,State,2355,2019
OH,SPRINGFIELD POLICE DEPT,2355-01-570-7996,MINE RESISTANT VEHICLE,1,Each,495000.0,C,1.0,2018-11-15 00:00:00.000,State,2355,2018
OH,SPRINGFIELD POLICE DEPT,2355-01-570-7996,MINE RESISTANT VEHICLE,1,Each,495000.0,C,1.0,2018-11-15 00:00:00.000,State,2355,2018
OK,ADA POLICE DEPT,2355-01-623-0967,MINE RESISTANT VEHICLE,1,Each,767360.0,C,1.0,2019-07-15 00:00:00.000,State,2355,2019
OK,CHICKASHA POLICE DEPARTMENT,2355-01-623-0967,MINE RESISTANT VEHICLE,1,Each,767360.0,C,1.0,2019-07-10 00:00:00.000,State,2355,2019
OK,OKMULGEE CTY SHERIFF DEPT,2355-01-553-4634,MINE RESISTANT VEHICLE,1,Each,658000.0,C,1.0,2016-12-13 00:00:00.000,State,2355,2016
OK,ROGERS CTY SHERIFF'S OFFICE,2355-01-623-0967,MINE RESISTANT VEHICLE,1,Each,767360.0,C,1.0,2019-07-11 00:00:00.000,State,2355,2019
OK,TULSA COUNTY  SHERIFF'S OFFICE,2355-01-562-6152,MINE RESISTANT VEHICLE,1,Each,689000.0,C,1.0,2019-03-07 00:00:00.000,State,2355,2019
OR,COOS COUNTY SHERIFF DEPT,2355-01-553-4634,MINE RESISTANT VEHICLE,1,Each,658000.0,C,1.0,2016-10-19 00:00:00.000,State,2355,2016
OR,DESCHUTES COUNTY SHERIFFS OFFICE,2355-01-553-4634,MINE RESISTANT VEHICLE,1,Each,658000.0,C,1.0,2016-10-27 00:00:00.000,State,2355,2016
OR,DOUGLAS COUNTY SHERIFF OFFICE,2355-01-623-0967,MINE RESISTANT VEHICLE,1,Each,767360.0,C,1.0,2019-08-21 00:00:00.000,State,2355,2019
OR,GRANTS PASS DEPT OF PUBLIC SAFETY,2355-01-570-7996,MINE RESISTANT VEHICLE,1,Each,495000.0,C,1.0,2018-03-13 00:00:00.000,State,2355,2018
OR,INDEPENDENCE POLICE DEPT,2355-01-596-1330,MINE RESISTANT VEHICLE,1,Each,575000.0,C,1.0,2019-08-07 00:00:00.000,State,2355,2019
OR,JACKSON COUNTY SHERIFFS OFFICE,2355-01-561-0281,MINE RESISTANT VEHICLE,1,Each,689000.0,C,1.0,2016-04-11 00:00:00.000,State,2355,2016
OR,LANE CTY SHERIFF DEPT,2355-01-570-7996,MINE RESISTANT VEHICLE,1,Each,495000.0,C,1.0,2018-03-13 00:00:00.000,State,2355,2018
OR,LANE CTY SHERIFF DEPT,2355-01-553-4634,MINE RESISTANT VEHICLE,1,Each,658000.0,C,1.0,2016-10-18 00:00:00.000,State,2355,2016
OR,LINCOLN COUNTY SHERIFF OFFICE,2355-01-582-6466,MINE RESISTANT VEHICLE,1,Each,689000.0,C,1.0,2019-12-11 00:00:00.000,State,2355,2019
OR,MALHEUR CTY SHERIFF DEPT,2355-01-582-6466,MINE RESISTANT VEHICLE,1,Each,689000.0,C,1.0,2019-12-10 00:00:00.000,State,2355,2019
OR,MARION CTY SHERIFF DEPT,2355-01-552-5344,MINE RESISTANT VEHICLE,1,Each,610764.0,C,1.0,2016-04-01 00:00:00.000,State,2355,2016
OR,THE DALLES POLICE DEPT,2355-01-582-6466,MINE RESISTANT VEHICLE,1,Each,689000.0,C,1.0,2019-12-03 00:00:00.000,State,2355,2019
PA,ABINGTON TOWNSHIP POLICE DEPT,2355-01-553-4634,MINE RESISTANT VEHICLE,1,Each,658000.0,C,1.0,2016-10-26 00:00:00.000,State,2355,2016
PA,DARBY BOROUGH POLICE DEPT,2355-01-602-3357,MINE RESISTANT VEHICLE,1,Each,865000.0,C,1.0,2016-09-12 00:00:00.000,State,2355,2016
PA,LOWER MAKEFIELD TOWNSHIP POLICE,2355-01-602-3357,MINE RESISTANT VEHICLE,1,Each,865000.0,C,1.0,2016-02-10 00:00:00.000,State,2355,2016
PA,NEW CASTLE POLICE DEPT,2355-01-602-3357,MINE RESISTANT VEHICLE,1,Each,865000.0,C,1.0,2016-09-26 00:00:00.000,State,2355,2016
PA,NEW KENSINGTON POLICE DEPARTMENT,2355-01-555-0908,MINE RESISTANT VEHICLE,1,Each,412000.0,C,1.0,2018-04-23 00:00:00.000,State,2355,2018
PA,PLYMOUTH TOWNSHIP POLICE DEPT,2355-01-553-4634,MINE RESISTANT VEHICLE,1,Each,658000.0,C,1.0,2016-05-24 00:00:00.000,State,2355,2016
PA,ROBINSON TOWNSHIP POLICE DEPT,2355-01-602-3357,MINE RESISTANT VEHICLE,1,Each,865000.0,C,1.0,2016-08-02 00:00:00.000,State,2355,2016
PA,SCRANTON POLICE DEPT,2355-01-553-4634,MINE RESISTANT VEHICLE,1,Each,658000.0,C,1.0,2016-10-26 00:00:00.000,State,2355,2016
PA,STROUD AREA REGIONAL POLICE DEPT,2355-01-553-4634,MINE RESISTANT VEHICLE,1,Each,658000.0,C,1.0,2016-05-23 00:00:00.000,State,2355,2016
PA,UPPER DARBY TOWNSHIP POLICE DEPT,2355-01-602-3357,MINE RESISTANT VEHICLE,1,Each,865000.0,C,1.0,2016-08-24 00:00:00.000,State,2355,2016
SC,BATESBURG-LEESVILLE POLICE DEPT,2355-01-553-4634,MINE RESISTANT VEHICLE,1,Each,658000.0,C,1.0,2016-11-07 00:00:00.000,State,2355,2016
SC,BLUFFTON POLICE DEPT,2355-01-553-4634,MINE RESISTANT VEHICLE,1,Each,658000.0,C,1.0,2016-11-07 00:00:00.000,State,2355,2016
SC,CHESTER COUNTY SHERIFF DEPT,2355-01-553-4634,MINE RESISTANT VEHICLE,1,Each,658000.0,C,1.0,2017-04-06 00:00:00.000,State,2355,2017
SC,CLARENDON COUNTY SHERIFF'S OFFICE,2355-01-623-0967,MINE RESISTANT VEHICLE,1,Each,767360.0,C,1.0,2019-07-25 00:00:00.000,State,2355,2019
SC,EDGEFIELD COUNTY SHERIFF DEPT,2355-01-553-4634,MINE RESISTANT VEHICLE,1,Each,658000.0,C,1.0,2017-04-13 00:00:00.000,State,2355,2017
SC,FAIRFIELD COUNTY SHERIFF'S OFFICE,2355-01-553-4634,MINE RESISTANT VEHICLE,1,Each,658000.0,C,1.0,2016-11-07 00:00:00.000,State,2355,2016
SC,GEORGETOWN COUNTY SHERIFF  OFFICE,2355-01-553-4634,MINE RESISTANT VEHICLE,1,Each,658000.0,C,1.0,2016-11-22 00:00:00.000,State,2355,2016
SC,GOOSE CREEK POLICE DEPT,2355-01-553-4634,MINE RESISTANT VEHICLE,1,Each,658000.0,C,1.0,2017-10-19 00:00:00.000,State,2355,2017
SC,LAURENS COUNTY SHERIFF OFFICE,2355-01-553-4634,MINE RESISTANT VEHICLE,1,Each,658000.0,C,1.0,2017-05-03 00:00:00.000,State,2355,2017
SC,LAW ENFORCEMENT DIVISION,2355-01-553-4634,MINE RESISTANT VEHICLE,1,Each,658000.0,C,1.0,2016-11-07 00:00:00.000,State,2355,2016
SC,MYRTLE BEACH POLICE DEPT,2355-01-561-0281,MINE RESISTANT VEHICLE,1,Each,689000.0,C,1.0,2016-04-27 00:00:00.000,State,2355,2016
SC,NORTH CHARLESTON POLICE DEPT,2355-01-623-0967,MINE RESISTANT VEHICLE,1,Each,767360.0,C,1.0,2019-07-01 00:00:00.000,State,2355,2019
SC,OCONEE COUNTY SHERIFF OFFICE,2355-01-553-4634,MINE RESISTANT VEHICLE,1,Each,658000.0,C,1.0,2016-11-08 00:00:00.000,State,2355,2016
SC,ROCK HILL POLICE DEPT,2355-01-553-4634,MINE RESISTANT VEHICLE,1,Each,658000.0,C,1.0,2016-06-17 00:00:00.000,State,2355,2016
SC,SUMMERVILLE POLICE DEPT,2355-01-553-4634,MINE RESISTANT VEHICLE,1,Each,658000.0,C,1.0,2017-05-22 00:00:00.000,State,2355,2017
SD,ABERDEEN POLICE DEPT,2355-01-602-3357,MINE RESISTANT VEHICLE,1,Each,865000.0,C,1.0,2016-12-01 00:00:00.000,State,2355,2016
SD,CODINGTON COUNTY SHERIFF OFFICE,2355-01-555-0908,MINE RESISTANT VEHICLE,1,Each,412000.0,C,1.0,2014-09-08 15:46:46.000,State,2355,2014
SD,HURON POLICE DEPT,2355-01-570-7996,MINE RESISTANT VEHICLE,1,Each,495000.0,C,1.0,2019-05-15 00:00:00.000,State,2355,2019
SD,LINCOLN COUNTY SHERIFF DEPT,2355-01-581-2392,MINE RESISTANT VEHICLE,1,Each,705421.0,D,1.0,2020-04-13 00:00:00.000,State,2355,2020
SD,PENNINGTON COUNTY SHERIFF,2355-01-553-4634,MINE RESISTANT VEHICLE,1,Each,658000.0,C,1.0,2018-05-21 00:00:00.000,State,2355,2018
TN,24TH JUDICIAL DISTRICT DTF,2355-01-553-4634,MINE RESISTANT VEHICLE,1,Each,658000.0,C,1.0,2016-05-16 00:00:00.000,State,2355,2016
TN,ANDERSON CSO,2355-01-596-1330,MINE RESISTANT VEHICLE,1,Each,575000.0,C,1.0,2019-08-05 00:00:00.000,State,2355,2019
TN,BARTLETT POLICE DEPT,2355-01-553-4634,MINE RESISTANT VEHICLE,1,Each,658000.0,C,1.0,2016-10-25 00:00:00.000,State,2355,2016
TN,BLOUNT COUNTY SHERIFFS OFFICE,2355-01-581-2392,MINE RESISTANT VEHICLE,1,Each,705421.0,D,1.0,2020-01-30 00:00:00.000,State,2355,2020
TN,BLOUNT COUNTY SHERIFFS OFFICE,2355-01-581-2392,MINE RESISTANT VEHICLE,1,Each,705421.0,D,1.0,2020-01-30 00:00:00.000,State,2355,2020
TN,BROWNSVILLE POLICE DEPT,2355-01-553-4634,MINE RESISTANT VEHICLE,1,Each,658000.0,C,1.0,2016-04-13 00:00:00.000,State,2355,2016
TN,CARTER COUNTY SHERIFF DEPT,2355-01-553-4634,MINE RESISTANT VEHICLE,1,Each,658000.0,C,1.0,2016-10-24 00:00:00.000,State,2355,2016
TN,CHEATHAM COUNTY SHERIFF OFFICE,2355-01-553-4634,MINE RESISTANT VEHICLE,1,Each,658000.0,C,1.0,2016-10-25 00:00:00.000,State,2355,2016
TN,COLLEGEDALE POLICE DEPT,2355-01-553-4634,MINE RESISTANT VEHICLE,1,Each,658000.0,C,1.0,2017-01-12 00:00:00.000,State,2355,2017
TN,COLUMBIA POLICE DEPT,2355-01-553-4634,MINE RESISTANT VEHICLE,1,Each,658000.0,C,1.0,2016-03-18 00:00:00.000,State,2355,2016
TN,CROSSVILLE POLICE DEPT,2355-01-581-2392,MINE RESISTANT VEHICLE,1,Each,705421.0,D,1.0,2020-03-10 00:00:00.000,State,2355,2020
TN,CUMBERLAND COUNTY SHERIFFS OFFICE,2355-01-553-4634,MINE RESISTANT VEHICLE,1,Each,658000.0,C,1.0,2016-12-13 00:00:00.000,State,2355,2016
TN,DECATUR COUNTY SHERIFF'S OFFICE,2355-01-529-2246,MINE RESISTANT VEHICLE,1,Each,300000.0,C,1.0,2018-12-11 00:00:00.000,State,2355,2018
TN,DEPT OF SAFETY AND HOMELAND SECU,2355-01-596-1330,MINE RESISTANT VEHICLE,1,Each,575000.0,C,1.0,2019-08-06 00:00:00.000,State,2355,2019
TN,DEPT OF SAFETY AND HOMELAND SECU,2355-01-596-1330,MINE RESISTANT VEHICLE,1,Each,575000.0,C,1.0,2019-08-06 00:00:00.000,State,2355,2019
TN,DYER COUNTY SHERIFF'S OFFICE,2355-01-553-4634,MINE RESISTANT VEHICLE,1,Each,658000.0,C,1.0,2016-12-21 00:00:00.000,State,2355,2016
TN,EAST RIDGE POLICE DEPT,2355-01-553-4634,MINE RESISTANT VEHICLE,1,Each,658000.0,C,1.0,2016-03-28 00:00:00.000,State,2355,2016
TN,ELIZABETHTON POLICE DEPT,2355-01-596-1330,MINE RESISTANT VEHICLE,1,Each,575000.0,C,1.0,2019-08-12 00:00:00.000,State,2355,2019
TN,FAYETTE COUNTY SHERIFF DEPT,2355-01-596-1330,MINE RESISTANT VEHICLE,1,Each,575000.0,C,1.0,2019-10-17 00:00:00.000,State,2355,2019
TN,FRANKLIN COUNTY SHERIFF'S OFFICE,2355-01-553-4634,MINE RESISTANT VEHICLE,1,Each,658000.0,C,1.0,2017-08-17 00:00:00.000,State,2355,2017
TN,FRANKLIN COUNTY SHERIFF'S OFFICE,2355-01-623-0967,MINE RESISTANT VEHICLE,1,Each,767360.0,C,1.0,2019-10-15 00:00:00.000,State,2355,2019
TN,GILES COUNTY SHERIFF DEPT,2355-01-596-1330,MINE RESISTANT VEHICLE,1,Each,575000.0,C,1.0,2019-08-01 00:00:00.000,State,2355,2019
TN,GREENE COUNTY SHERIFF'S DEPT,2355-01-553-4634,MINE RESISTANT VEHICLE,1,Each,658000.0,C,1.0,2016-10-26 00:00:00.000,State,2355,2016
TN,GREENEVILLE POLICE DEPT,2355-01-590-1660,MINE RESISTANT VEHICLE,1,Each,733000.0,C,1.0,2016-07-25 00:00:00.000,State,2355,2016
TN,HARDIN COUNTY SHERIFF'S DEPT,2355-01-553-4634,MINE RESISTANT VEHICLE,1,Each,658000.0,C,1.0,2016-10-26 00:00:00.000,State,2355,2016
TN,HAYWOOD COUNTY SHERIFF DEPT,2355-01-553-4634,MINE RESISTANT VEHICLE,1,Each,658000.0,C,1.0,2016-04-12 00:00:00.000,State,2355,2016
TN,HENRY COUNTY SHERIFF DEPT,2355-01-581-2392,MINE RESISTANT VEHICLE,1,Each,705421.0,D,1.0,2020-03-20 00:00:00.000,State,2355,2020
TN,HICKMAN COUNTY SHERIFF'S OFFICE,2355-01-623-0967,MINE RESISTANT VEHICLE,1,Each,767360.0,C,1.0,2019-08-20 00:00:00.000,State,2355,2019
TN,JEFFERSON CSO,2355-01-596-1330,MINE RESISTANT VEHICLE,1,Each,575000.0,C,1.0,2019-08-14 00:00:00.000,State,2355,2019
TN,KINGSTON POLICE DEPT,2355-01-623-0967,MINE RESISTANT VEHICLE,1,Each,767360.0,C,1.0,2019-07-24 00:00:00.000,State,2355,2019
TN,KNOXVILLE POLICE DEPT,2355-01-623-0967,MINE RESISTANT VEHICLE,1,Each,767360.0,C,1.0,2019-10-16 00:00:00.000,State,2355,2019
TN,LAWRENCEBURG POLICE DEPT,2355-01-553-4634,MINE RESISTANT VEHICLE,1,Each,658000.0,C,1.0,2016-12-12 00:00:00.000,State,2355,2016
TN,LAWRENCEBURG POLICE DEPT,2355-01-596-1330,MINE RESISTANT VEHICLE,1,Each,575000.0,C,1.0,2019-08-06 00:00:00.000,State,2355,2019
TN,LENOIR CITY POLICE DEPT,2355-01-602-3357,MINE RESISTANT VEHICLE,1,Each,865000.0,C,1.0,2016-03-14 00:00:00.000,State,2355,2016
TN,LIVINGSTON POLICE DEPT,2355-01-596-1330,MINE RESISTANT VEHICLE,1,Each,575000.0,C,1.0,2019-08-08 00:00:00.000,State,2355,2019
TN,MADISON COUNTY SHERIFF'S OFFICE,2355-01-553-4634,MINE RESISTANT VEHICLE,1,Each,658000.0,C,1.0,2016-12-12 00:00:00.000,State,2355,2016
TN,MARYVILLE POLICE DEPT,2355-01-623-0967,MINE RESISTANT VEHICLE,1,Each,767360.0,C,1.0,2019-10-16 00:00:00.000,State,2355,2019
TN,MCMINN CSO,2355-01-553-4634,MINE RESISTANT VEHICLE,1,Each,658000.0,C,1.0,2016-10-27 00:00:00.000,State,2355,2016
TN,MEMPHIS POLICE DEPT,2355-01-596-1330,MINE RESISTANT VEHICLE,1,Each,575000.0,C,1.0,2019-08-01 00:00:00.000,State,2355,2019
TN,MEMPHIS POLICE DEPT,2355-01-553-4634,MINE RESISTANT VEHICLE,1,Each,658000.0,C,1.0,2016-03-17 00:00:00.000,State,2355,2016
TN,MORRISTOWN POLICE DEPT,2355-01-602-3357,MINE RESISTANT VEHICLE,1,Each,865000.0,C,1.0,2016-03-16 00:00:00.000,State,2355,2016
TN,MOUNT JULIET POLICE DEPT,2355-01-623-0967,MINE RESISTANT VEHICLE,1,Each,767360.0,C,1.0,2019-10-10 00:00:00.000,State,2355,2019
TN,MOUNT PLEASANT POLICE DEPT,2355-01-529-2246,MINE RESISTANT VEHICLE,1,Each,300000.0,C,1.0,2018-11-29 00:00:00.000,State,2355,2018
TN,OAK RIDGE POLICE DEPT,2355-01-553-4634,MINE RESISTANT VEHICLE,1,Each,658000.0,C,1.0,2016-10-31 00:00:00.000,State,2355,2016
TN,OBION COUNTY SHERIFF'S DEPT,2355-01-623-0967,MINE RESISTANT VEHICLE,1,Each,767360.0,C,1.0,2019-10-15 00:00:00.000,State,2355,2019
TN,PERRY COUNTY SHERIFF'S OFFICE,2355-01-602-3357,MINE RESISTANT VEHICLE,1,Each,865000.0,C,1.0,2016-11-15 00:00:00.000,State,2355,2016
TN,PIGEON FORGE POLICE DEPT,2355-01-602-3357,MINE RESISTANT VEHICLE,1,Each,865000.0,C,1.0,2016-03-16 00:00:00.000,State,2355,2016
TN,RHEA COUNTY SHERIFF'S DEPT,2355-01-553-4634,MINE RESISTANT VEHICLE,1,Each,658000.0,C,1.0,2016-10-27 00:00:00.000,State,2355,2016
TN,ROANE COUNTY SHERIFF DEPT,2355-01-602-3357,MINE RESISTANT VEHICLE,1,Each,865000.0,C,1.0,2016-03-17 00:00:00.000,State,2355,2016
TN,ROANE COUNTY SHERIFF DEPT,2355-01-623-0967,MINE RESISTANT VEHICLE,1,Each,767360.0,C,1.0,2019-08-22 00:00:00.000,State,2355,2019
TN,SPRING HILL POLICE DEPARTMENT,2355-01-623-0967,MINE RESISTANT VEHICLE,1,Each,767360.0,C,1.0,2019-10-15 00:00:00.000,State,2355,2019
TN,SPRINGFIELD POLICE DEPARTMENT,2355-01-623-0967,MINE RESISTANT VEHICLE,1,Each,767360.0,C,1.0,2019-10-15 00:00:00.000,State,2355,2019
TN,SPRINGFIELD POLICE DEPARTMENT,2355-01-623-0967,MINE RESISTANT VEHICLE,1,Each,767360.0,C,1.0,2019-10-15 00:00:00.000,State,2355,2019
TN,WARREN COUNTY SHERIFF DEPT,2355-01-581-2392,MINE RESISTANT VEHICLE,1,Each,705421.0,D,1.0,2020-03-20 00:00:00.000,State,2355,2020
TN,WAVERLY POLICE DEPT,2355-01-561-0281,MINE RESISTANT VEHICLE,1,Each,689000.0,C,1.0,2016-04-12 00:00:00.000,State,2355,2016
TX,ARANSAS PASS POLICE DEPARTMENT,2355-01-570-7996,MINE RESISTANT VEHICLE,1,Each,495000.0,C,1.0,2019-05-14 00:00:00.000,State,2355,2019
TX,BIG SPRING POLICE DEPT,2355-01-553-4634,MINE RESISTANT VEHICLE,1,Each,658000.0,C,1.0,2016-10-19 00:00:00.000,State,2355,2016
TX,BOSQUE COUNTY SHERIFF OFFICE,2355-01-582-6466,MINE RESISTANT VEHICLE,1,Each,689000.0,C,1.0,2019-12-05 00:00:00.000,State,2355,2019
TX,BURKBURNETT POLICE DEPT,2355-01-602-3357,MINE RESISTANT VEHICLE,1,Each,865000.0,C,1.0,2016-09-23 00:00:00.000,State,2355,2016
TX,CALDWELL COUNTY SHERIFFS OFFICE,2355-01-529-2246,MINE RESISTANT VEHICLE,1,Each,300000.0,C,1.0,2019-06-04 00:00:00.000,State,2355,2019
TX,CANYON POLICE DEPT,2355-01-570-7996,MINE RESISTANT VEHICLE,1,Each,495000.0,C,1.0,2019-02-11 00:00:00.000,State,2355,2019
TX,CELINA POLICE DEPARTMENT,2355-01-623-0967,MINE RESISTANT VEHICLE,1,Each,767360.0,C,1.0,2019-07-17 00:00:00.000,State,2355,2019
TX,CENTER POLICE DEPT,2355-01-582-6466,MINE RESISTANT VEHICLE,1,Each,689000.0,C,1.0,2020-02-12 00:00:00.000,State,2355,2020
TX,CLEBURNE POLICE DEPT,2355-01-602-3357,MINE RESISTANT VEHICLE,1,Each,865000.0,C,1.0,2016-07-21 00:00:00.000,State,2355,2016
TX,CORSICANA POLICE DEPT,2355-01-553-4634,MINE RESISTANT VEHICLE,1,Each,658000.0,C,1.0,2017-08-17 00:00:00.000,State,2355,2017
TX,CORYELL COUNTY SHERIFFS OFFICE,2355-01-582-6466,MINE RESISTANT VEHICLE,1,Each,689000.0,C,1.0,2019-12-05 00:00:00.000,State,2355,2019
TX,CUERO POLICE DEPT,2355-01-602-3357,MINE RESISTANT VEHICLE,1,Each,865000.0,C,1.0,2016-07-11 00:00:00.000,State,2355,2016
TX,ERATH COUNTY SHERIFF'S OFFICE,2355-01-596-1330,MINE RESISTANT VEHICLE,1,Each,575000.0,C,1.0,2019-08-02 00:00:00.000,State,2355,2019
TX,FREEPORT POLICE DEPT,2355-01-553-4634,MINE RESISTANT VEHICLE,1,Each,658000.0,C,1.0,2017-01-12 00:00:00.000,State,2355,2017
TX,GRAYSON COUNTY SHERIFF DEPT,2355-01-623-0967,MINE RESISTANT VEHICLE,1,Each,767360.0,C,1.0,2019-10-08 00:00:00.000,State,2355,2019
TX,HALE COUNTY SHERIFFS OFFICE,2355-01-553-4634,MINE RESISTANT VEHICLE,1,Each,658000.0,C,1.0,2016-10-18 00:00:00.000,State,2355,2016
TX,HARLINGEN POLICE DEPT,2355-01-553-4634,MINE RESISTANT VEHICLE,1,Each,658000.0,C,1.0,2016-10-18 00:00:00.000,State,2355,2016
TX,HARRIS COUNTY CONSTABLE PCT 3,2355-01-602-3357,MINE RESISTANT VEHICLE,1,Each,865000.0,C,1.0,2016-08-18 00:00:00.000,State,2355,2016
TX,HARRISON COUNTY  SHERIFFS OFFICE,2355-01-553-4634,MINE RESISTANT VEHICLE,1,Each,658000.0,C,1.0,2017-02-22 00:00:00.000,State,2355,2017
TX,HILL COUNTY SHERIFF'S OFFICE,2355-01-590-1660,MINE RESISTANT VEHICLE,1,Each,733000.0,C,1.0,2016-01-14 00:00:00.000,State,2355,2016
TX,HOPKINS COUNTY SHERIFF OFFICE,2355-01-553-4634,MINE RESISTANT VEHICLE,1,Each,658000.0,C,1.0,2017-01-12 00:00:00.000,State,2355,2017
TX,LAREDO POLICE DEPARTMENT,2355-01-596-1330,MINE RESISTANT VEHICLE,1,Each,575000.0,C,1.0,2019-08-05 00:00:00.000,State,2355,2019
TX,LIBERTY COUNTY SHERIFF'S OFFICE,2355-01-553-4634,MINE RESISTANT VEHICLE,1,Each,658000.0,C,1.0,2018-02-27 00:00:00.000,State,2355,2018
TX,LITTLE ELM POLICE DEPT,2355-01-553-4634,MINE RESISTANT VEHICLE,1,Each,658000.0,C,1.0,2017-04-06 00:00:00.000,State,2355,2017
TX,MAGNOLIA POLICE DEPT,2355-01-570-7996,MINE RESISTANT VEHICLE,1,Each,495000.0,C,1.0,2019-02-27 00:00:00.000,State,2355,2019
TX,MARSHALL POLICE DEPT,2355-01-602-3357,MINE RESISTANT VEHICLE,1,Each,865000.0,C,1.0,2016-10-13 00:00:00.000,State,2355,2016
TX,MILAM COUNTY SHERIFF DEPT,2355-01-623-0967,MINE RESISTANT VEHICLE,1,Each,767360.0,C,1.0,2019-08-22 00:00:00.000,State,2355,2019
TX,MOUNT PLEASANT POLICE DEPT,2355-01-553-4634,MINE RESISTANT VEHICLE,1,Each,658000.0,C,1.0,2017-02-09 00:00:00.000,State,2355,2017
TX,PAMPA POLICE DEPT,2355-01-590-1660,MINE RESISTANT VEHICLE,1,Each,733000.0,C,1.0,2017-01-09 00:00:00.000,State,2355,2017
TX,PARIS POLICE DEPT,2355-01-596-1330,MINE RESISTANT VEHICLE,1,Each,575000.0,C,1.0,2019-08-06 00:00:00.000,State,2355,2019
TX,PLAINVIEW POLICE DEPT,2355-01-553-4634,MINE RESISTANT VEHICLE,1,Each,658000.0,C,1.0,2018-02-27 00:00:00.000,State,2355,2018
TX,PROSPER POLICE DEPT,2355-01-582-6466,MINE RESISTANT VEHICLE,1,Each,689000.0,C,1.0,2019-12-02 00:00:00.000,State,2355,2019
TX,ROWLETT POLICE DEPARTMENT,2355-01-553-4634,MINE RESISTANT VEHICLE,1,Each,658000.0,C,1.0,2018-03-05 00:00:00.000,State,2355,2018
TX,SAN ANGELO POLICE DEPT,2355-01-602-3357,MINE RESISTANT VEHICLE,1,Each,865000.0,C,1.0,2016-02-11 00:00:00.000,State,2355,2016
TX,SAN JUAN POLICE DEPT,2355-01-623-0967,MINE RESISTANT VEHICLE,1,Each,767360.0,C,1.0,2019-07-02 00:00:00.000,State,2355,2019
TX,SOUTHLAKE POLICE DEPT,2355-01-602-3357,MINE RESISTANT VEHICLE,1,Each,865000.0,C,1.0,2016-10-12 00:00:00.000,State,2355,2016
TX,SPRING BRANCH ISD PD K-12,2355-01-552-5199,MINE RESISTANT VEHICLE,1,Each,300000.0,C,1.0,2019-07-02 00:00:00.000,State,2355,2019
TX,STARR COUNTY SHERIFF'S OFFICE,2355-01-552-5173,MINE RESISTANT VEHICLE,1,Each,542000.0,C,1.0,2018-05-08 00:00:00.000,State,2355,2018
TX,TERRELL PD,2355-01-602-3357,MINE RESISTANT VEHICLE,1,Each,865000.0,C,1.0,2016-07-19 00:00:00.000,State,2355,2016
TX,TOM GREEN COUNTY  SHERIFF DEPT,2355-01-553-4634,MINE RESISTANT VEHICLE,1,Each,658000.0,C,1.0,2016-10-18 00:00:00.000,State,2355,2016
TX,TRAVIS COUNTY SHERIFFS OFFICE,2355-01-623-0967,MINE RESISTANT VEHICLE,1,Each,767360.0,C,1.0,2019-08-27 00:00:00.000,State,2355,2019
TX,UNIV OF TEXAS SYSTEM POLICE HI_ED,2355-01-570-7996,MINE RESISTANT VEHICLE,1,Each,495000.0,C,1.0,2017-12-26 00:00:00.000,State,2355,2017
UT,HURRICANE CITY POLICE DEPT,2355-01-553-4634,MINE RESISTANT VEHICLE,1,Each,658000.0,C,1.0,2016-10-19 00:00:00.000,State,2355,2016
UT,MURRAY CITY  POLICE DEPT,2355-01-582-6466,MINE RESISTANT VEHICLE,1,Each,689000.0,C,1.0,2019-12-05 00:00:00.000,State,2355,2019
UT,PROVO CITY POLICE DEPARTMENT,2355-01-581-2392,MINE RESISTANT VEHICLE,1,Each,705421.0,D,1.0,2020-04-03 00:00:00.000,State,2355,2020
UT,SALT LAKE CITY POLICE DEPT,2355-01-553-4634,MINE RESISTANT VEHICLE,1,Each,658000.0,C,1.0,2017-01-24 00:00:00.000,State,2355,2017
UT,SOUTH JORDAN POLICE DEPARTMENT,2355-01-553-4634,MINE RESISTANT VEHICLE,1,Each,658000.0,C,1.0,2016-11-08 00:00:00.000,State,2355,2016
UT,UINTAH CSO,2355-01-581-2392,MINE RESISTANT VEHICLE,1,Each,705421.0,D,1.0,2020-03-04 00:00:00.000,State,2355,2020
UT,WASHINGTON COUNTY SHERIFFS OFFICE,2355-01-553-4634,MINE RESISTANT VEHICLE,1,Each,658000.0,C,1.0,2016-10-24 00:00:00.000,State,2355,2016
VA,MECKLENBURG COUNTY SHERIFF DEPT,2355-01-553-4634,MINE RESISTANT VEHICLE,1,Each,658000.0,C,1.0,2018-03-19 00:00:00.000,State,2355,2018
VA,SOUTHAMPTON COUNTY SHERIFF DEPT,2355-01-623-0967,MINE RESISTANT VEHICLE,1,Each,767360.0,C,1.0,2019-06-27 00:00:00.000,State,2355,2019
VA,SPOTSYLVANIA COUNTY SHERIFF DEPT,2355-01-553-4634,MINE RESISTANT VEHICLE,1,Each,658000.0,C,1.0,2016-10-24 00:00:00.000,State,2355,2016
VA,VIRGINIA BEACH SHERIFF OFFICE,2355-01-623-0967,MINE RESISTANT VEHICLE,1,Each,767360.0,C,1.0,2019-07-11 00:00:00.000,State,2355,2019
WA,ARLINGTON POLICE DEPT,2355-01-581-2392,MINE RESISTANT VEHICLE,1,Each,705421.0,D,1.0,2020-03-20 00:00:00.000,State,2355,2020
WA,CHELAN COUNTY SHERIFF OFFICE,2355-01-596-1330,MINE RESISTANT VEHICLE,1,Each,575000.0,C,1.0,2019-08-02 00:00:00.000,State,2355,2019
WA,DOUGLAS COUNTY SHERIFF'S OFFICE,2355-01-554-8556,MINE RESISTANT VEHICLE,1,Each,689000.0,C,1.0,2016-06-03 00:00:00.000,State,2355,2016
WA,GRANT COUNTY SHERIFFS OFFICE,2355-01-596-1330,MINE RESISTANT VEHICLE,1,Each,575000.0,C,1.0,2019-08-19 00:00:00.000,State,2355,2019
WA,KITSAP COUNTY SHERIFF OFFICE,2355-01-553-4634,MINE RESISTANT VEHICLE,1,Each,658000.0,C,1.0,2016-10-18 00:00:00.000,State,2355,2016
WA,KITTITAS COUNTY SHERIFF'S OFFICE,2355-01-553-4634,MINE RESISTANT VEHICLE,1,Each,658000.0,C,1.0,2016-10-18 00:00:00.000,State,2355,2016
WA,MONROE POLICE DEPT,2355-01-596-1330,MINE RESISTANT VEHICLE,1,Each,575000.0,C,1.0,2019-08-08 00:00:00.000,State,2355,2019
WA,SKAGIT COUNTY SHERIFF OFFICE,2355-01-554-8556,MINE RESISTANT VEHICLE,1,Each,689000.0,C,1.0,2016-06-03 00:00:00.000,State,2355,2016
WA,SPOKANE COUNTY SHERIFF OFFICE,2355-01-596-1330,MINE RESISTANT VEHICLE,1,Each,575000.0,C,1.0,2019-08-08 00:00:00.000,State,2355,2019
WA,UNION GAP POLICE DEPT,2355-01-596-1330,MINE RESISTANT VEHICLE,1,Each,575000.0,C,1.0,2019-08-05 00:00:00.000,State,2355,2019
WA,WALLA WALLA COUNTY SHERIFF OFFICE,2355-01-596-1330,MINE RESISTANT VEHICLE,1,Each,575000.0,C,1.0,2019-08-02 00:00:00.000,State,2355,2019
WA,WHATCOM COUNTY SHERIFFS OFFICE,2355-01-596-1330,MINE RESISTANT VEHICLE,1,Each,575000.0,C,1.0,2019-10-09 00:00:00.000,State,2355,2019
WA,WHITMAN COUNTY SHERIFF DEPT,2355-01-596-1330,MINE RESISTANT VEHICLE,1,Each,575000.0,C,1.0,2019-08-05 00:00:00.000,State,2355,2019
WA,YAKIMA COUNTY SHERIFFS OFFICE,2355-01-623-0967,MINE RESISTANT VEHICLE,1,Each,767360.0,C,1.0,2019-07-01 00:00:00.000,State,2355,2019
WV,ELKINS POLICE DEPT,2355-01-623-0967,MINE RESISTANT VEHICLE,1,Each,767360.0,C,1.0,2019-07-24 00:00:00.000,State,2355,2019
WV,MORGANTOWN POLICE DEPT,2355-01-581-2392,MINE RESISTANT VEHICLE,2,Each,705421.0,D,1.0,2020-04-08 00:00:00.000,State,2355,2020
WI,BROWN COUNTY SHERIFF'S OFFICE,2355-01-596-1330,MINE RESISTANT VEHICLE,1,Each,575000.0,C,1.0,2019-08-15 00:00:00.000,State,2355,2019
WI,EAU CLAIRE POLICE  DEPT,2355-01-553-4634,MINE RESISTANT VEHICLE,1,Each,658000.0,C,1.0,2016-10-19 00:00:00.000,State,2355,2016
WI,GRANT COUNTY SHERIFF  OFFICE,2355-01-553-4634,MINE RESISTANT VEHICLE,1,Each,658000.0,C,1.0,2016-10-19 00:00:00.000,State,2355,2016
WI,GREEN COUNTY SHERIFF OFFICE,2355-01-570-7996,MINE RESISTANT VEHICLE,1,Each,495000.0,C,1.0,2018-04-19 00:00:00.000,State,2355,2018
WI,GREENFIELD POLICE DEPT,2355-01-561-0281,MINE RESISTANT VEHICLE,1,Each,689000.0,C,1.0,2016-04-05 00:00:00.000,State,2355,2016
WI,KENOSHA COUNTY SHERIFF DEPT,2355-01-553-4634,MINE RESISTANT VEHICLE,1,Each,658000.0,C,1.0,2017-04-04 00:00:00.000,State,2355,2017
WI,MARSHFIELD POLICE DEPT,2355-01-553-4634,MINE RESISTANT VEHICLE,1,Each,658000.0,C,1.0,2016-06-13 00:00:00.000,State,2355,2016
WI,OCONTO COUNTY SHERIFF OFFICE,2355-01-555-0908,MINE RESISTANT VEHICLE,1,Each,412000.0,C,1.0,2018-04-04 00:00:00.000,State,2355,2018
WI,OZAUKEE COUNTY SHERIFF OFFICE,2355-01-602-3357,MINE RESISTANT VEHICLE,1,Each,865000.0,C,1.0,2016-08-29 00:00:00.000,State,2355,2016
WI,PIERCE COUNTY SHERIFF DEPT,2355-01-596-1330,MINE RESISTANT VEHICLE,1,Each,575000.0,C,1.0,2019-08-08 00:00:00.000,State,2355,2019
WI,PIERCE COUNTY SHERIFF DEPT,2355-01-602-3357,MINE RESISTANT VEHICLE,1,Each,865000.0,C,1.0,2016-09-13 00:00:00.000,State,2355,2016
WI,POLK COUNTY SHERIFF DEPT,2355-01-570-7996,MINE RESISTANT VEHICLE,1,Each,495000.0,C,1.0,2018-03-01 00:00:00.000,State,2355,2018
WI,POLK COUNTY SHERIFF DEPT,2355-01-570-7996,MINE RESISTANT VEHICLE,1,Each,495000.0,C,1.0,2017-12-07 00:00:00.000,State,2355,2017
WI,RICHLAND CENTER POLICE DEPT,2355-01-623-0967,MINE RESISTANT VEHICLE,1,Each,767360.0,C,1.0,2019-07-26 00:00:00.000,State,2355,2019
WI,TAYLOR COUNTY SHERIFF DEPT,2355-01-602-3357,MINE RESISTANT VEHICLE,1,Each,865000.0,C,1.0,2016-11-08 00:00:00.000,State,2355,2016
WI,VERNON COUNTY SHERIFF OFFICE,2355-01-570-7996,MINE RESISTANT VEHICLE,1,Each,495000.0,C,1.0,2018-02-26 00:00:00.000,State,2355,2018
WI,VILAS COUNTY SHERIFF OFFICE,2355-01-553-4634,MINE RESISTANT VEHICLE,1,Each,658000.0,C,1.0,2016-10-19 00:00:00.000,State,2355,2016
WI,WHITEWATER POLICE DEPARTMENT,2355-01-623-0967,MINE RESISTANT VEHICLE,1,Each,767360.0,C,1.0,2019-07-16 00:00:00.000,State,2355,2019
